"country","region","region_code","start_date","end_date","year","week","population","total_deaths","covid_deaths","expected_deaths","excess_deaths","non_covid_deaths"
"United States","Alabama","AL","2019-12-29","2020-01-04",2020,1,4903185,1092,0,1139.4,-47.4000000000001,1092
"United States","Alabama","AL","2020-01-05","2020-01-11",2020,2,4903185,1147,0,1163.6,-16.5999999999999,1147
"United States","Alabama","AL","2020-01-12","2020-01-18",2020,3,4903185,1071,0,1130.4,-59.4000000000001,1071
"United States","Alabama","AL","2020-01-19","2020-01-25",2020,4,4903185,1078,0,1117.6,-39.5999999999999,1078
"United States","Alabama","AL","2020-01-26","2020-02-01",2020,5,4903185,1049,0,1117.6,-68.5999999999999,1049
"United States","Alabama","AL","2020-02-02","2020-02-08",2020,6,4903185,1114,0,1117.4,-3.40000000000009,1114
"United States","Alabama","AL","2020-02-09","2020-02-15",2020,7,4903185,1093,0,1106.4,-13.4000000000001,1093
"United States","Alabama","AL","2020-02-16","2020-02-22",2020,8,4903185,1100,0,1089,11,1100
"United States","Alabama","AL","2020-02-23","2020-02-29",2020,9,4903185,1164,0,1081.4,82.5999999999999,1164
"United States","Alabama","AL","2020-03-01","2020-03-07",2020,10,4903185,1079,0,1079.6,-0.599999999999909,1079
"United States","Alabama","AL","2020-03-08","2020-03-14",2020,11,4903185,1071,0,1073.2,-2.20000000000005,1071
"United States","Alabama","AL","2020-03-15","2020-03-21",2020,12,4903185,1064,0,1024.6,39.4000000000001,1064
"United States","Alabama","AL","2020-03-22","2020-03-28",2020,13,4903185,1053,3,1010.8,42.2,1050
"United States","Alabama","AL","2020-03-29","2020-04-04",2020,14,4903185,1139,23,1034.8,104.2,1116
"United States","Alabama","AL","2020-04-05","2020-04-11",2020,15,4903185,1088,34,1000.2,87.8,1054
"United States","Alabama","AL","2020-04-12","2020-04-18",2020,16,4903185,1067,50,1009.8,57.2,1017
"United States","Alabama","AL","2020-04-19","2020-04-25",2020,17,4903185,1004,102,1002.2,1.79999999999995,902
"United States","Alabama","AL","2020-04-26","2020-05-02",2020,18,4903185,927,75,991.4,-64.4,852
"United States","Alabama","AL","2020-05-03","2020-05-09",2020,19,4903185,694,101,993.2,-299.2,593
"United States","Alaska","AK","2019-12-29","2020-01-04",2020,1,731545,91,0,90.4,0.599999999999994,91
"United States","Alaska","AK","2020-01-05","2020-01-11",2020,2,731545,108,0,90.4,17.6,108
"United States","Alaska","AK","2020-01-12","2020-01-18",2020,3,731545,102,0,93.8,8.2,102
"United States","Alaska","AK","2020-01-19","2020-01-25",2020,4,731545,102,0,90.4,11.6,102
"United States","Alaska","AK","2020-01-26","2020-02-01",2020,5,731545,89,0,90.8,-1.8,89
"United States","Alaska","AK","2020-02-02","2020-02-08",2020,6,731545,92,0,80.6,11.4,92
"United States","Alaska","AK","2020-02-09","2020-02-15",2020,7,731545,92,0,85.6,6.40000000000001,92
"United States","Alaska","AK","2020-02-16","2020-02-22",2020,8,731545,89,0,81.6,7.40000000000001,89
"United States","Alaska","AK","2020-02-23","2020-02-29",2020,9,731545,86,0,85,1,86
"United States","Alaska","AK","2020-03-01","2020-03-07",2020,10,731545,82,0,88.4,-6.40000000000001,82
"United States","Alaska","AK","2020-03-08","2020-03-14",2020,11,731545,89,0,85.4,3.59999999999999,89
"United States","Alaska","AK","2020-03-15","2020-03-21",2020,12,731545,63,6,85.6,-22.6,57
"United States","Alaska","AK","2020-03-22","2020-03-28",2020,13,731545,85,-4,88.2,-3.2,89
"United States","Alaska","AK","2020-03-29","2020-04-04",2020,14,731545,94,3,87,7,91
"United States","Alaska","AK","2020-04-05","2020-04-11",2020,15,731545,76,3,87.8,-11.8,73
"United States","Alaska","AK","2020-04-12","2020-04-18",2020,16,731545,70,1,82,-12,69
"United States","Alaska","AK","2020-04-19","2020-04-25",2020,17,731545,56,0,84,-28,56
"United States","Alaska","AK","2020-04-26","2020-05-02",2020,18,731545,57,0,86,-29,57
"United States","Alaska","AK","2020-05-03","2020-05-09",2020,19,731545,49,1,89.6,-40.6,48
"United States","Arizona","AZ","2019-12-29","2020-01-04",2020,1,7278717,1274,0,1241,33,1274
"United States","Arizona","AZ","2020-01-05","2020-01-11",2020,2,7278717,1349,0,1267.6,81.4000000000001,1349
"United States","Arizona","AZ","2020-01-12","2020-01-18",2020,3,7278717,1255,0,1182.2,72.8,1255
"United States","Arizona","AZ","2020-01-19","2020-01-25",2020,4,7278717,1235,0,1226.8,8.20000000000005,1235
"United States","Arizona","AZ","2020-01-26","2020-02-01",2020,5,7278717,1243,0,1205.2,37.8,1243
"United States","Arizona","AZ","2020-02-02","2020-02-08",2020,6,7278717,1222,0,1187,35,1222
"United States","Arizona","AZ","2020-02-09","2020-02-15",2020,7,7278717,1271,0,1160.4,110.6,1271
"United States","Arizona","AZ","2020-02-16","2020-02-22",2020,8,7278717,1279,0,1145.4,133.6,1279
"United States","Arizona","AZ","2020-02-23","2020-02-29",2020,9,7278717,1306,0,1178,128,1306
"United States","Arizona","AZ","2020-03-01","2020-03-07",2020,10,7278717,1336,0,1201.6,134.4,1336
"United States","Arizona","AZ","2020-03-08","2020-03-14",2020,11,7278717,1281,0,1183.8,97.2,1281
"United States","Arizona","AZ","2020-03-15","2020-03-21",2020,12,7278717,1243,1,1158.8,84.2,1242
"United States","Arizona","AZ","2020-03-22","2020-03-28",2020,13,7278717,1268,14,1131.4,136.6,1254
"United States","Arizona","AZ","2020-03-29","2020-04-04",2020,14,7278717,1308,37,1150.2,157.8,1271
"United States","Arizona","AZ","2020-04-05","2020-04-11",2020,15,7278717,1357,56,1146.6,210.4,1301
"United States","Arizona","AZ","2020-04-12","2020-04-18",2020,16,7278717,1267,69,1108.6,158.4,1198
"United States","Arizona","AZ","2020-04-19","2020-04-25",2020,17,7278717,1320,96,1105.4,214.6,1224
"United States","Arizona","AZ","2020-04-26","2020-05-02",2020,18,7278717,1285,75,1097.2,187.8,1210
"United States","Arizona","AZ","2020-05-03","2020-05-09",2020,19,7278717,1067,184,1100,-33,883
"United States","Arkansas","AR","2019-12-29","2020-01-04",2020,1,3017825,698,0,706.8,-8.79999999999995,698
"United States","Arkansas","AR","2020-01-05","2020-01-11",2020,2,3017825,694,0,676.2,17.8,694
"United States","Arkansas","AR","2020-01-12","2020-01-18",2020,3,3017825,659,0,680,-21,659
"United States","Arkansas","AR","2020-01-19","2020-01-25",2020,4,3017825,621,0,667.4,-46.4,621
"United States","Arkansas","AR","2020-01-26","2020-02-01",2020,5,3017825,686,0,668,18,686
"United States","Arkansas","AR","2020-02-02","2020-02-08",2020,6,3017825,685,0,658.2,26.8,685
"United States","Arkansas","AR","2020-02-09","2020-02-15",2020,7,3017825,699,0,655.4,43.6,699
"United States","Arkansas","AR","2020-02-16","2020-02-22",2020,8,3017825,693,0,685.6,7.39999999999998,693
"United States","Arkansas","AR","2020-02-23","2020-02-29",2020,9,3017825,664,0,651.2,12.8,664
"United States","Arkansas","AR","2020-03-01","2020-03-07",2020,10,3017825,694,0,649.8,44.2,694
"United States","Arkansas","AR","2020-03-08","2020-03-14",2020,11,3017825,623,0,647.6,-24.6,623
"United States","Arkansas","AR","2020-03-15","2020-03-21",2020,12,3017825,640,0,615.8,24.2,640
"United States","Arkansas","AR","2020-03-22","2020-03-28",2020,13,3017825,634,5,640.6,-6.60000000000002,629
"United States","Arkansas","AR","2020-03-29","2020-04-04",2020,14,3017825,612,8,619,-7,604
"United States","Arkansas","AR","2020-04-05","2020-04-11",2020,15,3017825,619,12,624.4,-5.39999999999998,607
"United States","Arkansas","AR","2020-04-12","2020-04-18",2020,16,3017825,627,13,595.2,31.8,614
"United States","Arkansas","AR","2020-04-19","2020-04-25",2020,17,3017825,590,10,605.2,-15.2,580
"United States","Arkansas","AR","2020-04-26","2020-05-02",2020,18,3017825,571,24,599.6,-28.6,547
"United States","Arkansas","AR","2020-05-03","2020-05-09",2020,19,3017825,524,16,602.8,-78.8,508
"United States","California","CA","2019-12-29","2020-01-04",2020,1,39512223,5861,0,6043,-182,5861
"United States","California","CA","2020-01-05","2020-01-11",2020,2,39512223,5835,0,6042.6,-207.6,5835
"United States","California","CA","2020-01-12","2020-01-18",2020,3,39512223,5781,0,5758.6,22.3999999999996,5781
"United States","California","CA","2020-01-19","2020-01-25",2020,4,39512223,5792,0,5581.2,210.8,5792
"United States","California","CA","2020-01-26","2020-02-01",2020,5,39512223,5653,0,5630,23,5653
"United States","California","CA","2020-02-02","2020-02-08",2020,6,39512223,5879,1,5583.8,295.2,5878
"United States","California","CA","2020-02-09","2020-02-15",2020,7,39512223,5552,0,5563.2,-11.1999999999998,5552
"United States","California","CA","2020-02-16","2020-02-22",2020,8,39512223,5751,1,5487.2,263.8,5750
"United States","California","CA","2020-02-23","2020-02-29",2020,9,39512223,5638,0,5593.8,44.1999999999998,5638
"United States","California","CA","2020-03-01","2020-03-07",2020,10,39512223,5671,2,5497.2,173.8,5669
"United States","California","CA","2020-03-08","2020-03-14",2020,11,39512223,5403,3,5437.6,-34.6000000000004,5400
"United States","California","CA","2020-03-15","2020-03-21",2020,12,39512223,5622,25,5230.6,391.4,5597
"United States","California","CA","2020-03-22","2020-03-28",2020,13,39512223,5614,92,5169.4,444.6,5522
"United States","California","CA","2020-03-29","2020-04-04",2020,14,39512223,5889,199,5222,667,5690
"United States","California","CA","2020-04-05","2020-04-11",2020,15,39512223,5885,309,5098.8,786.2,5576
"United States","California","CA","2020-04-12","2020-04-18",2020,16,39512223,5911,515,5021,890,5396
"United States","California","CA","2020-04-19","2020-04-25",2020,17,39512223,5427,543,5057.2,369.8,4884
"United States","California","CA","2020-04-26","2020-05-02",2020,18,39512223,4929,495,4985.6,-56.6000000000004,4434
"United States","California","CA","2020-05-03","2020-05-09",2020,19,39512223,4340,504,4870.8,-530.8,3836
"United States","Colorado","CO","2019-12-29","2020-01-04",2020,1,5758736,837,0,826,11,837
"United States","Colorado","CO","2020-01-05","2020-01-11",2020,2,5758736,854,0,820.4,33.6,854
"United States","Colorado","CO","2020-01-12","2020-01-18",2020,3,5758736,834,0,772,62,834
"United States","Colorado","CO","2020-01-19","2020-01-25",2020,4,5758736,845,0,779,66,845
"United States","Colorado","CO","2020-01-26","2020-02-01",2020,5,5758736,785,0,765.4,19.6,785
"United States","Colorado","CO","2020-02-02","2020-02-08",2020,6,5758736,830,0,770.8,59.2,830
"United States","Colorado","CO","2020-02-09","2020-02-15",2020,7,5758736,798,0,779.8,18.2,798
"United States","Colorado","CO","2020-02-16","2020-02-22",2020,8,5758736,869,0,761.6,107.4,869
"United States","Colorado","CO","2020-02-23","2020-02-29",2020,9,5758736,831,0,739.6,91.4,831
"United States","Colorado","CO","2020-03-01","2020-03-07",2020,10,5758736,808,0,770.6,37.4,808
"United States","Colorado","CO","2020-03-08","2020-03-14",2020,11,5758736,801,1,772.2,28.8,800
"United States","Colorado","CO","2020-03-15","2020-03-21",2020,12,5758736,873,5,776,97,868
"United States","Colorado","CO","2020-03-22","2020-03-28",2020,13,5758736,852,38,750.4,101.6,814
"United States","Colorado","CO","2020-03-29","2020-04-04",2020,14,5758736,950,82,747.4,202.6,868
"United States","Colorado","CO","2020-04-05","2020-04-11",2020,15,5758736,1075,148,768.2,306.8,927
"United States","Colorado","CO","2020-04-12","2020-04-18",2020,16,5758736,1087,137,746.6,340.4,950
"United States","Colorado","CO","2020-04-19","2020-04-25",2020,17,5758736,1020,259,718.4,301.6,761
"United States","Colorado","CO","2020-04-26","2020-05-02",2020,18,5758736,925,162,726.2,198.8,763
"United States","Colorado","CO","2020-05-03","2020-05-09",2020,19,5758736,741,135,732.6,8.39999999999998,606
"United States","Connecticut","CT","2019-12-29","2020-01-04",2020,1,3565287,629,0,646.8,-17.8,629
"United States","Connecticut","CT","2020-01-05","2020-01-11",2020,2,3565287,622,0,666.6,-44.6,622
"United States","Connecticut","CT","2020-01-12","2020-01-18",2020,3,3565287,634,0,661,-27,634
"United States","Connecticut","CT","2020-01-19","2020-01-25",2020,4,3565287,643,0,664.6,-21.6,643
"United States","Connecticut","CT","2020-01-26","2020-02-01",2020,5,3565287,664,0,666.2,-2.20000000000005,664
"United States","Connecticut","CT","2020-02-02","2020-02-08",2020,6,3565287,631,0,673.2,-42.2,631
"United States","Connecticut","CT","2020-02-09","2020-02-15",2020,7,3565287,620,0,650,-30,620
"United States","Connecticut","CT","2020-02-16","2020-02-22",2020,8,3565287,638,0,646,-8,638
"United States","Connecticut","CT","2020-02-23","2020-02-29",2020,9,3565287,612,0,656.4,-44.4,612
"United States","Connecticut","CT","2020-03-01","2020-03-07",2020,10,3565287,184,0,630.4,-446.4,184
"United States","Connecticut","CT","2020-03-08","2020-03-14",2020,11,3565287,167,0,610.6,-443.6,167
"United States","Connecticut","CT","2020-03-15","2020-03-21",2020,12,3565287,197,5,643,-446,192
"United States","Connecticut","CT","2020-03-22","2020-03-28",2020,13,3565287,218,28,614.2,-396.2,190
"United States","Connecticut","CT","2020-03-29","2020-04-04",2020,14,3565287,203,132,639.4,-436.4,71
"United States","Connecticut","CT","2020-04-05","2020-04-11",2020,15,3565287,318,329,625.6,-307.6,-11
"United States","Connecticut","CT","2020-04-12","2020-04-18",2020,16,3565287,257,592,601.6,-344.6,-335
"United States","Delaware","DE","2019-12-29","2020-01-04",2020,1,973764,206,0,202.8,3.19999999999999,206
"United States","Delaware","DE","2020-01-05","2020-01-11",2020,2,973764,185,0,196,-11,185
"United States","Delaware","DE","2020-01-12","2020-01-18",2020,3,973764,179,0,196.6,-17.6,179
"United States","Delaware","DE","2020-01-19","2020-01-25",2020,4,973764,196,0,194.8,1.19999999999999,196
"United States","Delaware","DE","2020-01-26","2020-02-01",2020,5,973764,191,0,181.4,9.59999999999999,191
"United States","Delaware","DE","2020-02-02","2020-02-08",2020,6,973764,192,0,185,7,192
"United States","Delaware","DE","2020-02-09","2020-02-15",2020,7,973764,209,0,195.2,13.8,209
"United States","Delaware","DE","2020-02-16","2020-02-22",2020,8,973764,185,0,183.8,1.19999999999999,185
"United States","Delaware","DE","2020-02-23","2020-02-29",2020,9,973764,158,0,172.8,-14.8,158
"United States","Delaware","DE","2020-03-01","2020-03-07",2020,10,973764,200,0,179.2,20.8,200
"United States","Delaware","DE","2020-03-08","2020-03-14",2020,11,973764,177,0,181.4,-4.40000000000001,177
"United States","Delaware","DE","2020-03-15","2020-03-21",2020,12,973764,213,0,182.8,30.2,213
"United States","Delaware","DE","2020-03-22","2020-03-28",2020,13,973764,189,5,189.4,-0.400000000000006,184
"United States","Delaware","DE","2020-03-29","2020-04-04",2020,14,973764,198,9,166.8,31.2,189
"United States","Delaware","DE","2020-04-05","2020-04-11",2020,15,973764,184,19,172.2,11.8,165
"United States","Delaware","DE","2020-04-12","2020-04-18",2020,16,973764,168,34,186.8,-18.8,134
"United States","Delaware","DE","2020-04-19","2020-04-25",2020,17,973764,210,45,162.2,47.8,165
"United States","Delaware","DE","2020-04-26","2020-05-02",2020,18,973764,169,56,161.4,7.59999999999999,113
"United States","Delaware","DE","2020-05-03","2020-05-09",2020,19,973764,103,34,165,-62,69
"United States","District of Columbia","DC","2019-12-29","2020-01-04",2020,1,705749,94,0,109.2,-15.2,94
"United States","District of Columbia","DC","2020-01-05","2020-01-11",2020,2,705749,98,0,111.8,-13.8,98
"United States","District of Columbia","DC","2020-01-12","2020-01-18",2020,3,705749,100,0,98.4,1.59999999999999,100
"United States","District of Columbia","DC","2020-01-19","2020-01-25",2020,4,705749,101,0,104.6,-3.59999999999999,101
"United States","District of Columbia","DC","2020-01-26","2020-02-01",2020,5,705749,121,0,100.6,20.4,121
"United States","District of Columbia","DC","2020-02-02","2020-02-08",2020,6,705749,110,0,105.4,4.59999999999999,110
"United States","District of Columbia","DC","2020-02-09","2020-02-15",2020,7,705749,101,0,104.4,-3.40000000000001,101
"United States","District of Columbia","DC","2020-02-16","2020-02-22",2020,8,705749,96,0,90.2,5.8,96
"United States","District of Columbia","DC","2020-02-23","2020-02-29",2020,9,705749,119,0,94.8,24.2,119
"United States","District of Columbia","DC","2020-03-01","2020-03-07",2020,10,705749,95,0,106,-11,95
"United States","District of Columbia","DC","2020-03-08","2020-03-14",2020,11,705749,84,0,91.2,-7.2,84
"United States","District of Columbia","DC","2020-03-15","2020-03-21",2020,12,705749,102,1,95.6,6.40000000000001,101
"United States","District of Columbia","DC","2020-03-22","2020-03-28",2020,13,705749,104,4,103.6,0.400000000000006,100
"United States","District of Columbia","DC","2020-03-29","2020-04-04",2020,14,705749,121,16,96.8,24.2,105
"United States","District of Columbia","DC","2020-04-05","2020-04-11",2020,15,705749,160,1,98.6,61.4,159
"United States","District of Columbia","DC","2020-04-12","2020-04-18",2020,16,705749,149,69,93.6,55.4,80
"United States","District of Columbia","DC","2020-04-19","2020-04-25",2020,17,705749,154,74,99,55,80
"United States","District of Columbia","DC","2020-04-26","2020-05-02",2020,18,705749,116,75,96,20,41
"United States","District of Columbia","DC","2020-05-03","2020-05-09",2020,19,705749,59,71,85.8,-26.8,-12
"United States","Florida","FL","2019-12-29","2020-01-04",2020,1,21477737,4239,0,4081,158,4239
"United States","Florida","FL","2020-01-05","2020-01-11",2020,2,21477737,4307,0,4146.4,160.6,4307
"United States","Florida","FL","2020-01-12","2020-01-18",2020,3,21477737,4271,0,4138.8,132.2,4271
"United States","Florida","FL","2020-01-19","2020-01-25",2020,4,21477737,4258,0,4061.2,196.8,4258
"United States","Florida","FL","2020-01-26","2020-02-01",2020,5,21477737,4292,0,4201,91,4292
"United States","Florida","FL","2020-02-02","2020-02-08",2020,6,21477737,4236,0,4144.8,91.1999999999998,4236
"United States","Florida","FL","2020-02-09","2020-02-15",2020,7,21477737,4216,0,4118.2,97.8000000000002,4216
"United States","Florida","FL","2020-02-16","2020-02-22",2020,8,21477737,4249,0,4085.8,163.2,4249
"United States","Florida","FL","2020-02-23","2020-02-29",2020,9,21477737,4233,0,4022.2,210.8,4233
"United States","Florida","FL","2020-03-01","2020-03-07",2020,10,21477737,4367,2,4025.4,341.6,4365
"United States","Florida","FL","2020-03-08","2020-03-14",2020,11,21477737,4260,1,4011.8,248.2,4259
"United States","Florida","FL","2020-03-15","2020-03-21",2020,12,21477737,4211,7,4004.2,206.8,4204
"United States","Florida","FL","2020-03-22","2020-03-28",2020,13,21477737,4306,46,3993.8,312.2,4260
"United States","Florida","FL","2020-03-29","2020-04-04",2020,14,21477737,4356,139,3932.6,423.4,4217
"United States","Florida","FL","2020-04-05","2020-04-11",2020,15,21477737,4424,251,3907,517,4173
"United States","Florida","FL","2020-04-12","2020-04-18",2020,16,21477737,4295,302,3838.4,456.6,3993
"United States","Florida","FL","2020-04-19","2020-04-25",2020,17,21477737,4408,307,3803.8,604.2,4101
"United States","Florida","FL","2020-04-26","2020-05-02",2020,18,21477737,4103,309,3837.4,265.6,3794
"United States","Florida","FL","2020-05-03","2020-05-09",2020,19,21477737,3545,349,3834.6,-289.6,3196
"United States","Georgia","GA","2019-12-29","2020-01-04",2020,1,10617423,1801,0,1772.8,28.2,1801
"United States","Georgia","GA","2020-01-05","2020-01-11",2020,2,10617423,1784,0,1781.8,2.20000000000005,1784
"United States","Georgia","GA","2020-01-12","2020-01-18",2020,3,10617423,1708,0,1746,-38,1708
"United States","Georgia","GA","2020-01-19","2020-01-25",2020,4,10617423,1785,0,1715.2,69.8,1785
"United States","Georgia","GA","2020-01-26","2020-02-01",2020,5,10617423,1778,0,1709.6,68.4000000000001,1778
"United States","Georgia","GA","2020-02-02","2020-02-08",2020,6,10617423,1751,0,1715.8,35.2,1751
"United States","Georgia","GA","2020-02-09","2020-02-15",2020,7,10617423,1722,0,1677.4,44.5999999999999,1722
"United States","Georgia","GA","2020-02-16","2020-02-22",2020,8,10617423,1687,0,1642.4,44.5999999999999,1687
"United States","Georgia","GA","2020-02-23","2020-02-29",2020,9,10617423,1794,0,1617.8,176.2,1794
"United States","Georgia","GA","2020-03-01","2020-03-07",2020,10,10617423,1681,0,1672,9,1681
"United States","Georgia","GA","2020-03-08","2020-03-14",2020,11,10617423,1704,1,1652.2,51.8,1703
"United States","Georgia","GA","2020-03-15","2020-03-21",2020,12,10617423,1676,19,1623.6,52.4000000000001,1657
"United States","Georgia","GA","2020-03-22","2020-03-28",2020,13,10617423,1736,58,1650,86,1678
"United States","Georgia","GA","2020-03-29","2020-04-04",2020,14,10617423,1849,129,1591.4,257.6,1720
"United States","Georgia","GA","2020-04-05","2020-04-11",2020,15,10617423,1833,224,1580,253,1609
"United States","Georgia","GA","2020-04-12","2020-04-18",2020,16,10617423,1753,242,1600.8,152.2,1511
"United States","Georgia","GA","2020-04-19","2020-04-25",2020,17,10617423,1651,229,1581.2,69.8,1422
"United States","Georgia","GA","2020-04-26","2020-05-02",2020,18,10617423,1417,263,1568.6,-151.6,1154
"United States","Georgia","GA","2020-05-03","2020-05-09",2020,19,10617423,1039,225,1557.2,-518.2,814
"United States","Hawaii","HI","2019-12-29","2020-01-04",2020,1,1415872,239,0,244,-5,239
"United States","Hawaii","HI","2020-01-05","2020-01-11",2020,2,1415872,239,0,234,5,239
"United States","Hawaii","HI","2020-01-12","2020-01-18",2020,3,1415872,208,0,237.6,-29.6,208
"United States","Hawaii","HI","2020-01-19","2020-01-25",2020,4,1415872,235,0,219,16,235
"United States","Hawaii","HI","2020-01-26","2020-02-01",2020,5,1415872,243,0,230.8,12.2,243
"United States","Hawaii","HI","2020-02-02","2020-02-08",2020,6,1415872,236,0,220.2,15.8,236
"United States","Hawaii","HI","2020-02-09","2020-02-15",2020,7,1415872,272,0,230.6,41.4,272
"United States","Hawaii","HI","2020-02-16","2020-02-22",2020,8,1415872,239,0,217.8,21.2,239
"United States","Hawaii","HI","2020-02-23","2020-02-29",2020,9,1415872,236,0,226.2,9.80000000000001,236
"United States","Hawaii","HI","2020-03-01","2020-03-07",2020,10,1415872,223,0,234,-11,223
"United States","Hawaii","HI","2020-03-08","2020-03-14",2020,11,1415872,243,0,233.8,9.19999999999999,243
"United States","Hawaii","HI","2020-03-15","2020-03-21",2020,12,1415872,210,0,217.8,-7.80000000000001,210
"United States","Hawaii","HI","2020-03-22","2020-03-28",2020,13,1415872,231,0,225.4,5.59999999999999,231
"United States","Hawaii","HI","2020-03-29","2020-04-04",2020,14,1415872,231,3,218.4,12.6,228
"United States","Hawaii","HI","2020-04-05","2020-04-11",2020,15,1415872,219,5,216.4,2.59999999999999,214
"United States","Hawaii","HI","2020-04-12","2020-04-18",2020,16,1415872,200,1,197.6,2.40000000000001,199
"United States","Hawaii","HI","2020-04-19","2020-04-25",2020,17,1415872,198,0,209.2,-11.2,198
"United States","Hawaii","HI","2020-04-26","2020-05-02",2020,18,1415872,215,7,212,3,208
"United States","Hawaii","HI","2020-05-03","2020-05-09",2020,19,1415872,183,1,217.6,-34.6,182
"United States","Idaho","ID","2019-12-29","2020-01-04",2020,1,1787065,279,0,293,-14,279
"United States","Idaho","ID","2020-01-05","2020-01-11",2020,2,1787065,288,0,285.4,2.60000000000002,288
"United States","Idaho","ID","2020-01-12","2020-01-18",2020,3,1787065,292,0,269.6,22.4,292
"United States","Idaho","ID","2020-01-19","2020-01-25",2020,4,1787065,272,0,279.2,-7.19999999999999,272
"United States","Idaho","ID","2020-01-26","2020-02-01",2020,5,1787065,253,0,282.2,-29.2,253
"United States","Idaho","ID","2020-02-02","2020-02-08",2020,6,1787065,285,0,268.4,16.6,285
"United States","Idaho","ID","2020-02-09","2020-02-15",2020,7,1787065,283,0,277.8,5.19999999999999,283
"United States","Idaho","ID","2020-02-16","2020-02-22",2020,8,1787065,323,0,285.2,37.8,323
"United States","Idaho","ID","2020-02-23","2020-02-29",2020,9,1787065,290,0,282.6,7.39999999999998,290
"United States","Idaho","ID","2020-03-01","2020-03-07",2020,10,1787065,268,0,275.8,-7.80000000000001,268
"United States","Idaho","ID","2020-03-08","2020-03-14",2020,11,1787065,287,0,269.6,17.4,287
"United States","Idaho","ID","2020-03-15","2020-03-21",2020,12,1787065,309,0,287.2,21.8,309
"United States","Idaho","ID","2020-03-22","2020-03-28",2020,13,1787065,336,5,259.4,76.6,331
"United States","Idaho","ID","2020-03-29","2020-04-04",2020,14,1787065,272,5,276.8,-4.80000000000001,267
"United States","Idaho","ID","2020-04-05","2020-04-11",2020,15,1787065,306,17,270.8,35.2,289
"United States","Idaho","ID","2020-04-12","2020-04-18",2020,16,1787065,281,17,279.6,1.39999999999998,264
"United States","Idaho","ID","2020-04-19","2020-04-25",2020,17,1787065,261,12,253.8,7.19999999999999,249
"United States","Idaho","ID","2020-04-26","2020-05-02",2020,18,1787065,237,7,267.4,-30.4,230
"United States","Idaho","ID","2020-05-03","2020-05-09",2020,19,1787065,271,4,255.2,15.8,267
"United States","Illinois","IL","2019-12-29","2020-01-04",2020,1,12671821,2261,0,2370.8,-109.8,2261
"United States","Illinois","IL","2020-01-05","2020-01-11",2020,2,12671821,2319,0,2381.2,-62.1999999999998,2319
"United States","Illinois","IL","2020-01-12","2020-01-18",2020,3,12671821,2307,0,2321.4,-14.4000000000001,2307
"United States","Illinois","IL","2020-01-19","2020-01-25",2020,4,12671821,2288,0,2224.6,63.4000000000001,2288
"United States","Illinois","IL","2020-01-26","2020-02-01",2020,5,12671821,2212,0,2215.2,-3.19999999999982,2212
"United States","Illinois","IL","2020-02-02","2020-02-08",2020,6,12671821,2303,0,2236.8,66.1999999999998,2303
"United States","Illinois","IL","2020-02-09","2020-02-15",2020,7,12671821,2268,0,2255.6,12.4000000000001,2268
"United States","Illinois","IL","2020-02-16","2020-02-22",2020,8,12671821,2288,0,2232.2,55.8000000000002,2288
"United States","Illinois","IL","2020-02-23","2020-02-29",2020,9,12671821,2292,0,2185.4,106.6,2292
"United States","Illinois","IL","2020-03-01","2020-03-07",2020,10,12671821,2295,0,2193.2,101.8,2295
"United States","Illinois","IL","2020-03-08","2020-03-14",2020,11,12671821,2233,0,2149.4,83.5999999999999,2233
"United States","Illinois","IL","2020-03-15","2020-03-21",2020,12,12671821,2354,6,2185.2,168.8,2348
"United States","Illinois","IL","2020-03-22","2020-03-28",2020,13,12671821,2339,41,2144.2,194.8,2298
"United States","Illinois","IL","2020-03-29","2020-04-04",2020,14,12671821,2668,197,2133.4,534.6,2471
"United States","Illinois","IL","2020-04-05","2020-04-11",2020,15,12671821,2887,433,2106.6,780.4,2454
"United States","Illinois","IL","2020-04-12","2020-04-18",2020,16,12671821,2908,582,2072.4,835.6,2326
"United States","Illinois","IL","2020-04-19","2020-04-25",2020,17,12671821,2883,616,2030,853,2267
"United States","Illinois","IL","2020-04-26","2020-05-02",2020,18,12671821,2702,679,2052,650,2023
"United States","Illinois","IL","2020-05-03","2020-05-09",2020,19,12671821,2361,793,1990.4,370.6,1568
"United States","Indiana","IN","2019-12-29","2020-01-04",2020,1,6732219,1442,0,1422.4,19.5999999999999,1442
"United States","Indiana","IN","2020-01-05","2020-01-11",2020,2,6732219,1391,0,1418.6,-27.5999999999999,1391
"United States","Indiana","IN","2020-01-12","2020-01-18",2020,3,6732219,1371,0,1377.2,-6.20000000000005,1371
"United States","Indiana","IN","2020-01-19","2020-01-25",2020,4,6732219,1395,0,1346.8,48.2,1395
"United States","Indiana","IN","2020-01-26","2020-02-01",2020,5,6732219,1356,0,1339.6,16.4000000000001,1356
"United States","Indiana","IN","2020-02-02","2020-02-08",2020,6,6732219,1333,0,1342.4,-9.40000000000009,1333
"United States","Indiana","IN","2020-02-09","2020-02-15",2020,7,6732219,1394,0,1315.4,78.5999999999999,1394
"United States","Indiana","IN","2020-02-16","2020-02-22",2020,8,6732219,1366,0,1330.2,35.8,1366
"United States","Indiana","IN","2020-02-23","2020-02-29",2020,9,6732219,1423,0,1328.2,94.8,1423
"United States","Indiana","IN","2020-03-01","2020-03-07",2020,10,6732219,1340,0,1314.2,25.8,1340
"United States","Indiana","IN","2020-03-08","2020-03-14",2020,11,6732219,1378,0,1319,59,1378
"United States","Indiana","IN","2020-03-15","2020-03-21",2020,12,6732219,1297,9,1292.6,4.40000000000009,1288
"United States","Indiana","IN","2020-03-22","2020-03-28",2020,13,6732219,1423,38,1305.4,117.6,1385
"United States","Indiana","IN","2020-03-29","2020-04-04",2020,14,6732219,1508,138,1276,232,1370
"United States","Indiana","IN","2020-04-05","2020-04-11",2020,15,6732219,1568,207,1277.6,290.4,1361
"United States","Indiana","IN","2020-04-12","2020-04-18",2020,16,6732219,1400,224,1250.6,149.4,1176
"United States","Indiana","IN","2020-04-19","2020-04-25",2020,17,6732219,1444,227,1215.2,228.8,1217
"United States","Indiana","IN","2020-04-26","2020-05-02",2020,18,6732219,1246,272,1210.4,35.5999999999999,974
"United States","Indiana","IN","2020-05-03","2020-05-09",2020,19,6732219,896,247,1205.6,-309.6,649
"United States","Iowa","IA","2019-12-29","2020-01-04",2020,1,3155070,664,0,664.4,-0.399999999999977,664
"United States","Iowa","IA","2020-01-05","2020-01-11",2020,2,3155070,650,0,665.8,-15.8,650
"United States","Iowa","IA","2020-01-12","2020-01-18",2020,3,3155070,632,0,649.6,-17.6,632
"United States","Iowa","IA","2020-01-19","2020-01-25",2020,4,3155070,642,0,620.6,21.4,642
"United States","Iowa","IA","2020-01-26","2020-02-01",2020,5,3155070,624,0,619,5,624
"United States","Iowa","IA","2020-02-02","2020-02-08",2020,6,3155070,649,0,622.2,26.8,649
"United States","Iowa","IA","2020-02-09","2020-02-15",2020,7,3155070,606,0,631.8,-25.8,606
"United States","Iowa","IA","2020-02-16","2020-02-22",2020,8,3155070,655,0,632.6,22.4,655
"United States","Iowa","IA","2020-02-23","2020-02-29",2020,9,3155070,663,0,608,55,663
"United States","Iowa","IA","2020-03-01","2020-03-07",2020,10,3155070,624,0,603.4,20.6,624
"United States","Iowa","IA","2020-03-08","2020-03-14",2020,11,3155070,641,0,617.4,23.6,641
"United States","Iowa","IA","2020-03-15","2020-03-21",2020,12,3155070,602,0,612.8,-10.8,602
"United States","Iowa","IA","2020-03-22","2020-03-28",2020,13,3155070,604,3,582.8,21.2,601
"United States","Iowa","IA","2020-03-29","2020-04-04",2020,14,3155070,599,8,595.2,3.79999999999995,591
"United States","Iowa","IA","2020-04-05","2020-04-11",2020,15,3155070,592,23,587,5,569
"United States","Iowa","IA","2020-04-12","2020-04-18",2020,16,3155070,613,40,571.8,41.2,573
"United States","Iowa","IA","2020-04-19","2020-04-25",2020,17,3155070,559,38,580.4,-21.4,521
"United States","Iowa","IA","2020-04-26","2020-05-02",2020,18,3155070,575,63,575.6,-0.600000000000023,512
"United States","Iowa","IA","2020-05-03","2020-05-09",2020,19,3155070,510,76,547.8,-37.8,434
"United States","Kansas","KS","2019-12-29","2020-01-04",2020,1,2913314,605,0,606.6,-1.60000000000002,605
"United States","Kansas","KS","2020-01-05","2020-01-11",2020,2,2913314,582,0,593,-11,582
"United States","Kansas","KS","2020-01-12","2020-01-18",2020,3,2913314,599,0,558.4,40.6,599
"United States","Kansas","KS","2020-01-19","2020-01-25",2020,4,2913314,585,0,548.6,36.4,585
"United States","Kansas","KS","2020-01-26","2020-02-01",2020,5,2913314,562,0,565.8,-3.79999999999995,562
"United States","Kansas","KS","2020-02-02","2020-02-08",2020,6,2913314,521,0,554.2,-33.2,521
"United States","Kansas","KS","2020-02-09","2020-02-15",2020,7,2913314,586,0,570.6,15.4,586
"United States","Kansas","KS","2020-02-16","2020-02-22",2020,8,2913314,583,0,558.8,24.2,583
"United States","Kansas","KS","2020-02-23","2020-02-29",2020,9,2913314,548,0,555.6,-7.60000000000002,548
"United States","Kansas","KS","2020-03-01","2020-03-07",2020,10,2913314,585,0,548.6,36.4,585
"United States","Kansas","KS","2020-03-08","2020-03-14",2020,11,2913314,543,1,548.2,-5.20000000000005,542
"United States","Kansas","KS","2020-03-15","2020-03-21",2020,12,2913314,532,1,550,-18,531
"United States","Kansas","KS","2020-03-22","2020-03-28",2020,13,2913314,539,3,528.6,10.4,536
"United States","Kansas","KS","2020-03-29","2020-04-04",2020,14,2913314,551,16,530.6,20.4,535
"United States","Kansas","KS","2020-04-05","2020-04-11",2020,15,2913314,529,34,515.2,13.8,495
"United States","Kansas","KS","2020-04-12","2020-04-18",2020,16,2913314,553,32,500,53,521
"United States","Kansas","KS","2020-04-19","2020-04-25",2020,17,2913314,530,33,494.8,35.2,497
"United States","Kansas","KS","2020-04-26","2020-05-02",2020,18,2913314,487,22,497.6,-10.6,465
"United States","Kansas","KS","2020-05-03","2020-05-09",2020,19,2913314,440,31,516,-76,409
"United States","Kentucky","KY","2019-12-29","2020-01-04",2020,1,4467673,1089,0,1022,67,1089
"United States","Kentucky","KY","2020-01-05","2020-01-11",2020,2,4467673,1055,0,1065.4,-10.4000000000001,1055
"United States","Kentucky","KY","2020-01-12","2020-01-18",2020,3,4467673,1042,0,1021,21,1042
"United States","Kentucky","KY","2020-01-19","2020-01-25",2020,4,4467673,946,0,989.4,-43.4,946
"United States","Kentucky","KY","2020-01-26","2020-02-01",2020,5,4467673,976,0,993.8,-17.8,976
"United States","Kentucky","KY","2020-02-02","2020-02-08",2020,6,4467673,950,0,992.2,-42.2,950
"United States","Kentucky","KY","2020-02-09","2020-02-15",2020,7,4467673,949,0,972.4,-23.4,949
"United States","Kentucky","KY","2020-02-16","2020-02-22",2020,8,4467673,984,0,983.6,0.399999999999977,984
"United States","Kentucky","KY","2020-02-23","2020-02-29",2020,9,4467673,1009,0,989.6,19.4,1009
"United States","Kentucky","KY","2020-03-01","2020-03-07",2020,10,4467673,962,0,981.8,-19.8,962
"United States","Kentucky","KY","2020-03-08","2020-03-14",2020,11,4467673,1010,0,944.2,65.8,1010
"United States","Kentucky","KY","2020-03-15","2020-03-21",2020,12,4467673,911,3,951.8,-40.8,908
"United States","Kentucky","KY","2020-03-22","2020-03-28",2020,13,4467673,888,7,949,-61,881
"United States","Kentucky","KY","2020-03-29","2020-04-04",2020,14,4467673,984,30,933.8,50.2,954
"United States","Kentucky","KY","2020-04-05","2020-04-11",2020,15,4467673,954,54,945.8,8.20000000000005,900
"United States","Kentucky","KY","2020-04-12","2020-04-18",2020,16,4467673,848,50,933.4,-85.4,798
"United States","Kentucky","KY","2020-04-19","2020-04-25",2020,17,4467673,772,61,906.8,-134.8,711
"United States","Kentucky","KY","2020-04-26","2020-05-02",2020,18,4467673,695,43,894.8,-199.8,652
"United States","Kentucky","KY","2020-05-03","2020-05-09",2020,19,4467673,502,56,901.2,-399.2,446
"United States","Louisiana","LA","2019-12-29","2020-01-04",2020,1,4648794,926,0,964.4,-38.4,926
"United States","Louisiana","LA","2020-01-05","2020-01-11",2020,2,4648794,941,0,962.2,-21.2,941
"United States","Louisiana","LA","2020-01-12","2020-01-18",2020,3,4648794,942,0,967.2,-25.2,942
"United States","Louisiana","LA","2020-01-19","2020-01-25",2020,4,4648794,942,0,933.8,8.20000000000005,942
"United States","Louisiana","LA","2020-01-26","2020-02-01",2020,5,4648794,957,0,930.2,26.8,957
"United States","Louisiana","LA","2020-02-02","2020-02-08",2020,6,4648794,923,0,948.2,-25.2,923
"United States","Louisiana","LA","2020-02-09","2020-02-15",2020,7,4648794,909,0,919,-10,909
"United States","Louisiana","LA","2020-02-16","2020-02-22",2020,8,4648794,900,0,913.2,-13.2,900
"United States","Louisiana","LA","2020-02-23","2020-02-29",2020,9,4648794,961,0,881.6,79.4,961
"United States","Louisiana","LA","2020-03-01","2020-03-07",2020,10,4648794,919,0,871.4,47.6,919
"United States","Louisiana","LA","2020-03-08","2020-03-14",2020,11,4648794,928,1,886,42,927
"United States","Louisiana","LA","2020-03-15","2020-03-21",2020,12,4648794,876,19,890,-14,857
"United States","Louisiana","LA","2020-03-22","2020-03-28",2020,13,4648794,1153,117,883,270,1036
"United States","Louisiana","LA","2020-03-29","2020-04-04",2020,14,4648794,1254,271,884.2,369.8,983
"United States","Louisiana","LA","2020-04-05","2020-04-11",2020,15,4648794,1349,396,853.2,495.8,953
"United States","Louisiana","LA","2020-04-12","2020-04-18",2020,16,4648794,1150,463,843,307,687
"United States","Louisiana","LA","2020-04-19","2020-04-25",2020,17,4648794,942,376,869.2,72.8,566
"United States","Louisiana","LA","2020-04-26","2020-05-02",2020,18,4648794,746,302,834.2,-88.2,444
"United States","Louisiana","LA","2020-05-03","2020-05-09",2020,19,4648794,498,241,855.4,-357.4,257
"United States","Maine","ME","2019-12-29","2020-01-04",2020,1,1344212,325,0,300.2,24.8,325
"United States","Maine","ME","2020-01-05","2020-01-11",2020,2,1344212,331,0,298.6,32.4,331
"United States","Maine","ME","2020-01-12","2020-01-18",2020,3,1344212,303,0,301.6,1.39999999999998,303
"United States","Maine","ME","2020-01-19","2020-01-25",2020,4,1344212,315,0,306.2,8.80000000000001,315
"United States","Maine","ME","2020-01-26","2020-02-01",2020,5,1344212,298,0,290.2,7.80000000000001,298
"United States","Maine","ME","2020-02-02","2020-02-08",2020,6,1344212,327,0,293.8,33.2,327
"United States","Maine","ME","2020-02-09","2020-02-15",2020,7,1344212,331,0,298.4,32.6,331
"United States","Maine","ME","2020-02-16","2020-02-22",2020,8,1344212,305,0,302.4,2.60000000000002,305
"United States","Maine","ME","2020-02-23","2020-02-29",2020,9,1344212,298,0,289.4,8.60000000000002,298
"United States","Maine","ME","2020-03-01","2020-03-07",2020,10,1344212,317,0,306.6,10.4,317
"United States","Maine","ME","2020-03-08","2020-03-14",2020,11,1344212,310,0,300.6,9.39999999999998,310
"United States","Maine","ME","2020-03-15","2020-03-21",2020,12,1344212,286,0,293.8,-7.80000000000001,286
"United States","Maine","ME","2020-03-22","2020-03-28",2020,13,1344212,282,1,302.4,-20.4,281
"United States","Maine","ME","2020-03-29","2020-04-04",2020,14,1344212,304,9,301.4,2.60000000000002,295
"United States","Maine","ME","2020-04-05","2020-04-11",2020,15,1344212,311,9,302.8,8.19999999999999,302
"United States","Maine","ME","2020-04-12","2020-04-18",2020,16,1344212,325,13,277,48,312
"United States","Maine","ME","2020-04-19","2020-04-25",2020,17,1344212,290,18,288.8,1.19999999999999,272
"United States","Maine","ME","2020-04-26","2020-05-02",2020,18,1344212,284,6,285,-1,278
"United States","Maine","ME","2020-05-03","2020-05-09",2020,19,1344212,290,8,274.4,15.6,282
"United States","Maryland","MD","2019-12-29","2020-01-04",2020,1,6045680,1069,0,1058,11,1069
"United States","Maryland","MD","2020-01-05","2020-01-11",2020,2,6045680,1071,0,1072.8,-1.79999999999995,1071
"United States","Maryland","MD","2020-01-12","2020-01-18",2020,3,6045680,1001,0,1029.8,-28.8,1001
"United States","Maryland","MD","2020-01-19","2020-01-25",2020,4,6045680,1032,0,1039,-7,1032
"United States","Maryland","MD","2020-01-26","2020-02-01",2020,5,6045680,1042,0,1023.2,18.8,1042
"United States","Maryland","MD","2020-02-02","2020-02-08",2020,6,6045680,1018,0,1020,-2,1018
"United States","Maryland","MD","2020-02-09","2020-02-15",2020,7,6045680,1024,0,1003.2,20.8,1024
"United States","Maryland","MD","2020-02-16","2020-02-22",2020,8,6045680,969,0,997.6,-28.6,969
"United States","Maryland","MD","2020-02-23","2020-02-29",2020,9,6045680,1079,0,979.4,99.6,1079
"United States","Maryland","MD","2020-03-01","2020-03-07",2020,10,6045680,1059,0,991.4,67.6,1059
"United States","Maryland","MD","2020-03-08","2020-03-14",2020,11,6045680,1018,0,977.4,40.6,1018
"United States","Maryland","MD","2020-03-15","2020-03-21",2020,12,6045680,1070,3,974.2,95.8,1067
"United States","Maryland","MD","2020-03-22","2020-03-28",2020,13,6045680,1076,7,973.8,102.2,1069
"United States","Maryland","MD","2020-03-29","2020-04-04",2020,14,6045680,1194,43,969.4,224.6,1151
"United States","Maryland","MD","2020-04-05","2020-04-11",2020,15,6045680,1342,153,956.2,385.8,1189
"United States","Maryland","MD","2020-04-12","2020-04-18",2020,16,6045680,1339,165,937.8,401.2,1174
"United States","Maryland","MD","2020-04-19","2020-04-25",2020,17,6045680,1453,324,945.4,507.6,1129
"United States","Maryland","MD","2020-04-26","2020-05-02",2020,18,6045680,1356,397,929,427,959
"United States","Maryland","MD","2020-05-03","2020-05-09",2020,19,6045680,1112,337,893.6,218.4,775
"United States","Massachusetts","MA","2019-12-29","2020-01-04",2020,1,6949503,1211,0,1231.2,-20.2,1211
"United States","Massachusetts","MA","2020-01-05","2020-01-11",2020,2,6949503,1236,0,1281.4,-45.4000000000001,1236
"United States","Massachusetts","MA","2020-01-12","2020-01-18",2020,3,6949503,1163,0,1261.6,-98.5999999999999,1163
"United States","Massachusetts","MA","2020-01-19","2020-01-25",2020,4,6949503,1300,0,1252.8,47.2,1300
"United States","Massachusetts","MA","2020-01-26","2020-02-01",2020,5,6949503,1183,0,1244.6,-61.5999999999999,1183
"United States","Massachusetts","MA","2020-02-02","2020-02-08",2020,6,6949503,1234,0,1215.8,18.2,1234
"United States","Massachusetts","MA","2020-02-09","2020-02-15",2020,7,6949503,1231,0,1220.6,10.4000000000001,1231
"United States","Massachusetts","MA","2020-02-16","2020-02-22",2020,8,6949503,1163,0,1179,-16,1163
"United States","Massachusetts","MA","2020-02-23","2020-02-29",2020,9,6949503,1274,0,1212.4,61.5999999999999,1274
"United States","Massachusetts","MA","2020-03-01","2020-03-07",2020,10,6949503,1201,0,1206.4,-5.40000000000009,1201
"United States","Massachusetts","MA","2020-03-08","2020-03-14",2020,11,6949503,1300,0,1154.4,145.6,1300
"United States","Massachusetts","MA","2020-03-15","2020-03-21",2020,12,6949503,1152,2,1149.4,2.59999999999991,1150
"United States","Massachusetts","MA","2020-03-22","2020-03-28",2020,13,6949503,1272,42,1200.2,71.8,1230
"United States","Massachusetts","MA","2020-03-29","2020-04-04",2020,14,6949503,1525,172,1176,349,1353
"United States","Massachusetts","MA","2020-04-05","2020-04-11",2020,15,6949503,1995,470,1162.2,832.8,1525
"United States","Massachusetts","MA","2020-04-12","2020-04-18",2020,16,6949503,2417,874,1127.8,1289.2,1543
"United States","Massachusetts","MA","2020-04-19","2020-04-25",2020,17,6949503,2374,1170,1105.8,1268.2,1204
"United States","Massachusetts","MA","2020-04-26","2020-05-02",2020,18,6949503,2071,1116,1121,950,955
"United States","Massachusetts","MA","2020-05-03","2020-05-09",2020,19,6949503,1787,994,1079,708,793
"United States","Michigan","MI","2019-12-29","2020-01-04",2020,1,9986857,2059,0,2093.2,-34.1999999999998,2059
"United States","Michigan","MI","2020-01-05","2020-01-11",2020,2,9986857,2099,0,2083.6,15.4000000000001,2099
"United States","Michigan","MI","2020-01-12","2020-01-18",2020,3,9986857,1964,0,2063.8,-99.8000000000002,1964
"United States","Michigan","MI","2020-01-19","2020-01-25",2020,4,9986857,2033,0,1987.2,45.8,2033
"United States","Michigan","MI","2020-01-26","2020-02-01",2020,5,9986857,2026,0,1958,68,2026
"United States","Michigan","MI","2020-02-02","2020-02-08",2020,6,9986857,1981,0,2011,-30,1981
"United States","Michigan","MI","2020-02-09","2020-02-15",2020,7,9986857,2050,0,1987,63,2050
"United States","Michigan","MI","2020-02-16","2020-02-22",2020,8,9986857,2102,0,1984.4,117.6,2102
"United States","Michigan","MI","2020-02-23","2020-02-29",2020,9,9986857,2004,0,2024.6,-20.5999999999999,2004
"United States","Michigan","MI","2020-03-01","2020-03-07",2020,10,9986857,2008,0,2014.6,-6.59999999999991,2008
"United States","Michigan","MI","2020-03-08","2020-03-14",2020,11,9986857,1966,0,1967.6,-1.59999999999991,1966
"United States","Michigan","MI","2020-03-15","2020-03-21",2020,12,9986857,2028,5,1945.4,82.5999999999999,2023
"United States","Michigan","MI","2020-03-22","2020-03-28",2020,13,9986857,2403,99,1931.6,471.4,2304
"United States","Michigan","MI","2020-03-29","2020-04-04",2020,14,9986857,3013,436,1971.8,1041.2,2577
"United States","Michigan","MI","2020-04-05","2020-04-11",2020,15,9986857,3179,851,1947.8,1231.2,2328
"United States","Michigan","MI","2020-04-12","2020-04-18",2020,16,9986857,2945,917,1870.6,1074.4,2028
"United States","Michigan","MI","2020-04-19","2020-04-25",2020,17,9986857,2497,968,1892.2,604.8,1529
"United States","Michigan","MI","2020-04-26","2020-05-02",2020,18,9986857,2236,745,1855.6,380.4,1491
"United States","Michigan","MI","2020-05-03","2020-05-09",2020,19,9986857,1483,505,1829,-346,978
"United States","Minnesota","MN","2019-12-29","2020-01-04",2020,1,5639632,994,0,931.8,62.2,994
"United States","Minnesota","MN","2020-01-05","2020-01-11",2020,2,5639632,945,0,959.8,-14.8,945
"United States","Minnesota","MN","2020-01-12","2020-01-18",2020,3,5639632,948,0,923,25,948
"United States","Minnesota","MN","2020-01-19","2020-01-25",2020,4,5639632,951,0,901.8,49.2,951
"United States","Minnesota","MN","2020-01-26","2020-02-01",2020,5,5639632,939,0,894,45,939
"United States","Minnesota","MN","2020-02-02","2020-02-08",2020,6,5639632,925,0,908.8,16.2,925
"United States","Minnesota","MN","2020-02-09","2020-02-15",2020,7,5639632,930,0,902.2,27.8,930
"United States","Minnesota","MN","2020-02-16","2020-02-22",2020,8,5639632,913,0,876,37,913
"United States","Minnesota","MN","2020-02-23","2020-02-29",2020,9,5639632,938,0,880,58,938
"United States","Minnesota","MN","2020-03-01","2020-03-07",2020,10,5639632,961,0,876,85,961
"United States","Minnesota","MN","2020-03-08","2020-03-14",2020,11,5639632,883,0,852.6,30.4,883
"United States","Minnesota","MN","2020-03-15","2020-03-21",2020,12,5639632,890,1,860.6,29.4,889
"United States","Minnesota","MN","2020-03-22","2020-03-28",2020,13,5639632,897,4,862.6,34.4,893
"United States","Minnesota","MN","2020-03-29","2020-04-04",2020,14,5639632,908,19,869.4,38.6,889
"United States","Minnesota","MN","2020-04-05","2020-04-11",2020,15,5639632,923,40,890.4,32.6,883
"United States","Minnesota","MN","2020-04-12","2020-04-18",2020,16,5639632,928,57,838.8,89.2,871
"United States","Minnesota","MN","2020-04-19","2020-04-25",2020,17,5639632,953,123,813.2,139.8,830
"United States","Minnesota","MN","2020-04-26","2020-05-02",2020,18,5639632,951,150,826.8,124.2,801
"United States","Minnesota","MN","2020-05-03","2020-05-09",2020,19,5639632,904,164,826.2,77.8,740
"United States","Mississippi","MS","2019-12-29","2020-01-04",2020,1,2976149,674,0,695.2,-21.2,674
"United States","Mississippi","MS","2020-01-05","2020-01-11",2020,2,2976149,671,0,694.2,-23.2,671
"United States","Mississippi","MS","2020-01-12","2020-01-18",2020,3,2976149,644,0,662.8,-18.8,644
"United States","Mississippi","MS","2020-01-19","2020-01-25",2020,4,2976149,621,0,666.8,-45.8,621
"United States","Mississippi","MS","2020-01-26","2020-02-01",2020,5,2976149,635,0,665,-30,635
"United States","Mississippi","MS","2020-02-02","2020-02-08",2020,6,2976149,725,0,682.2,42.8,725
"United States","Mississippi","MS","2020-02-09","2020-02-15",2020,7,2976149,662,0,666.6,-4.60000000000002,662
"United States","Mississippi","MS","2020-02-16","2020-02-22",2020,8,2976149,642,0,655.4,-13.4,642
"United States","Mississippi","MS","2020-02-23","2020-02-29",2020,9,2976149,689,0,632.6,56.4,689
"United States","Mississippi","MS","2020-03-01","2020-03-07",2020,10,2976149,667,0,651.2,15.8,667
"United States","Mississippi","MS","2020-03-08","2020-03-14",2020,11,2976149,637,0,638,-1,637
"United States","Mississippi","MS","2020-03-15","2020-03-21",2020,12,2976149,636,1,635.2,0.799999999999955,635
"United States","Mississippi","MS","2020-03-22","2020-03-28",2020,13,2976149,687,5,611.8,75.2,682
"United States","Mississippi","MS","2020-03-29","2020-04-04",2020,14,2976149,707,29,637.4,69.6,678
"United States","Mississippi","MS","2020-04-05","2020-04-11",2020,15,2976149,685,57,612.4,72.6,628
"United States","Mississippi","MS","2020-04-12","2020-04-18",2020,16,2976149,716,59,596.8,119.2,657
"United States","Mississippi","MS","2020-04-19","2020-04-25",2020,17,2976149,700,69,605.4,94.6,631
"United States","Mississippi","MS","2020-04-26","2020-05-02",2020,18,2976149,638,71,611.2,26.8,567
"United States","Mississippi","MS","2020-05-03","2020-05-09",2020,19,2976149,520,128,611,-91,392
"United States","Missouri","MO","2019-12-29","2020-01-04",2020,1,6137428,1262,0,1337.4,-75.4000000000001,1262
"United States","Missouri","MO","2020-01-05","2020-01-11",2020,2,6137428,1285,0,1334,-49,1285
"United States","Missouri","MO","2020-01-12","2020-01-18",2020,3,6137428,1260,0,1353.4,-93.4000000000001,1260
"United States","Missouri","MO","2020-01-19","2020-01-25",2020,4,6137428,1294,0,1319.2,-25.2,1294
"United States","Missouri","MO","2020-01-26","2020-02-01",2020,5,6137428,1301,0,1266.2,34.8,1301
"United States","Missouri","MO","2020-02-02","2020-02-08",2020,6,6137428,1280,0,1256.8,23.2,1280
"United States","Missouri","MO","2020-02-09","2020-02-15",2020,7,6137428,1302,0,1322,-20,1302
"United States","Missouri","MO","2020-02-16","2020-02-22",2020,8,6137428,1306,0,1267.8,38.2,1306
"United States","Missouri","MO","2020-02-23","2020-02-29",2020,9,6137428,1289,0,1251.2,37.8,1289
"United States","Missouri","MO","2020-03-01","2020-03-07",2020,10,6137428,1318,0,1253,65,1318
"United States","Missouri","MO","2020-03-08","2020-03-14",2020,11,6137428,1221,0,1232.2,-11.2,1221
"United States","Missouri","MO","2020-03-15","2020-03-21",2020,12,6137428,1184,3,1245.2,-61.2,1181
"United States","Missouri","MO","2020-03-22","2020-03-28",2020,13,6137428,1231,7,1189.6,41.4000000000001,1224
"United States","Missouri","MO","2020-03-29","2020-04-04",2020,14,6137428,1189,13,1182.2,6.79999999999995,1176
"United States","Missouri","MO","2020-04-05","2020-04-11",2020,15,6137428,1328,87,1175.6,152.4,1241
"United States","Missouri","MO","2020-04-12","2020-04-18",2020,16,6137428,1176,67,1183.6,-7.59999999999991,1109
"United States","Missouri","MO","2020-04-19","2020-04-25",2020,17,6137428,1178,98,1156.6,21.4000000000001,1080
"United States","Missouri","MO","2020-04-26","2020-05-02",2020,18,6137428,1068,78,1176.8,-108.8,990
"United States","Missouri","MO","2020-05-03","2020-05-09",2020,19,6137428,857,121,1094,-237,736
"United States","Montana","MT","2019-12-29","2020-01-04",2020,1,1068778,234,0,209.6,24.4,234
"United States","Montana","MT","2020-01-05","2020-01-11",2020,2,1068778,213,0,212,1,213
"United States","Montana","MT","2020-01-12","2020-01-18",2020,3,1068778,212,0,198.4,13.6,212
"United States","Montana","MT","2020-01-19","2020-01-25",2020,4,1068778,201,0,207,-6,201
"United States","Montana","MT","2020-01-26","2020-02-01",2020,5,1068778,226,0,199,27,226
"United States","Montana","MT","2020-02-02","2020-02-08",2020,6,1068778,203,0,204.4,-1.40000000000001,203
"United States","Montana","MT","2020-02-09","2020-02-15",2020,7,1068778,195,0,206.4,-11.4,195
"United States","Montana","MT","2020-02-16","2020-02-22",2020,8,1068778,226,0,219.8,6.19999999999999,226
"United States","Montana","MT","2020-02-23","2020-02-29",2020,9,1068778,238,0,197.2,40.8,238
"United States","Montana","MT","2020-03-01","2020-03-07",2020,10,1068778,224,0,208.8,15.2,224
"United States","Montana","MT","2020-03-08","2020-03-14",2020,11,1068778,227,0,199.8,27.2,227
"United States","Montana","MT","2020-03-15","2020-03-21",2020,12,1068778,232,0,203.4,28.6,232
"United States","Montana","MT","2020-03-22","2020-03-28",2020,13,1068778,207,2,187.6,19.4,205
"United States","Montana","MT","2020-03-29","2020-04-04",2020,14,1068778,183,3,202.4,-19.4,180
"United States","Montana","MT","2020-04-05","2020-04-11",2020,15,1068778,213,1,196.2,16.8,212
"United States","Montana","MT","2020-04-12","2020-04-18",2020,16,1068778,191,6,200.6,-9.59999999999999,185
"United States","Montana","MT","2020-04-19","2020-04-25",2020,17,1068778,177,4,191.8,-14.8,173
"United States","Montana","MT","2020-04-26","2020-05-02",2020,18,1068778,154,2,190.6,-36.6,152
"United States","Montana","MT","2020-05-03","2020-05-09",2020,19,1068778,101,0,190,-89,101
"United States","Nebraska","NE","2019-12-29","2020-01-04",2020,1,1934408,344,0,374.2,-30.2,344
"United States","Nebraska","NE","2020-01-05","2020-01-11",2020,2,1934408,358,0,372.6,-14.6,358
"United States","Nebraska","NE","2020-01-12","2020-01-18",2020,3,1934408,323,0,360.4,-37.4,323
"United States","Nebraska","NE","2020-01-19","2020-01-25",2020,4,1934408,364,0,360,4,364
"United States","Nebraska","NE","2020-01-26","2020-02-01",2020,5,1934408,362,0,342,20,362
"United States","Nebraska","NE","2020-02-02","2020-02-08",2020,6,1934408,336,0,343.2,-7.19999999999999,336
"United States","Nebraska","NE","2020-02-09","2020-02-15",2020,7,1934408,319,0,344.2,-25.2,319
"United States","Nebraska","NE","2020-02-16","2020-02-22",2020,8,1934408,316,0,344.6,-28.6,316
"United States","Nebraska","NE","2020-02-23","2020-02-29",2020,9,1934408,333,0,337,-4,333
"United States","Nebraska","NE","2020-03-01","2020-03-07",2020,10,1934408,352,0,340,12,352
"United States","Nebraska","NE","2020-03-08","2020-03-14",2020,11,1934408,340,0,341.8,-1.80000000000001,340
"United States","Nebraska","NE","2020-03-15","2020-03-21",2020,12,1934408,338,0,309.6,28.4,338
"United States","Nebraska","NE","2020-03-22","2020-03-28",2020,13,1934408,326,2,344.4,-18.4,324
"United States","Nebraska","NE","2020-03-29","2020-04-04",2020,14,1934408,307,4,333,-26,303
"United States","Nebraska","NE","2020-04-05","2020-04-11",2020,15,1934408,331,8,330.8,0.199999999999989,323
"United States","Nebraska","NE","2020-04-12","2020-04-18",2020,16,1934408,338,0,312.6,25.4,338
"United States","Nebraska","NE","2020-04-19","2020-04-25",2020,17,1934408,329,0,308.4,20.6,329
"United States","Nebraska","NE","2020-04-26","2020-05-02",2020,18,1934408,315,64,319.6,-4.60000000000002,251
"United States","Nebraska","NE","2020-05-03","2020-05-09",2020,19,1934408,251,18,305.4,-54.4,233
"United States","Nevada","NV","2019-12-29","2020-01-04",2020,1,3080156,506,0,532.2,-26.2,506
"United States","Nevada","NV","2020-01-05","2020-01-11",2020,2,3080156,529,0,530,-1,529
"United States","Nevada","NV","2020-01-12","2020-01-18",2020,3,3080156,585,0,503.8,81.2,585
"United States","Nevada","NV","2020-01-19","2020-01-25",2020,4,3080156,561,0,497,64,561
"United States","Nevada","NV","2020-01-26","2020-02-01",2020,5,3080156,503,0,503.8,-0.800000000000011,503
"United States","Nevada","NV","2020-02-02","2020-02-08",2020,6,3080156,551,0,503.4,47.6,551
"United States","Nevada","NV","2020-02-09","2020-02-15",2020,7,3080156,511,0,476,35,511
"United States","Nevada","NV","2020-02-16","2020-02-22",2020,8,3080156,532,0,484,48,532
"United States","Nevada","NV","2020-02-23","2020-02-29",2020,9,3080156,517,0,503.2,13.8,517
"United States","Nevada","NV","2020-03-01","2020-03-07",2020,10,3080156,510,0,489.4,20.6,510
"United States","Nevada","NV","2020-03-08","2020-03-14",2020,11,3080156,489,0,502.6,-13.6,489
"United States","Nevada","NV","2020-03-15","2020-03-21",2020,12,3080156,482,2,476,6,480
"United States","Nevada","NV","2020-03-22","2020-03-28",2020,13,3080156,524,12,472.2,51.8,512
"United States","Nevada","NV","2020-03-29","2020-04-04",2020,14,3080156,565,32,470.4,94.6,533
"United States","Nevada","NV","2020-04-05","2020-04-11",2020,15,3080156,558,56,468,90,502
"United States","Nevada","NV","2020-04-12","2020-04-18",2020,16,3080156,528,66,484.2,43.8,462
"United States","Nevada","NV","2020-04-19","2020-04-25",2020,17,3080156,523,48,487.8,35.2,475
"United States","Nevada","NV","2020-04-26","2020-05-02",2020,18,3080156,467,53,446.2,20.8,414
"United States","Nevada","NV","2020-05-03","2020-05-09",2020,19,3080156,395,49,456.8,-61.8,346
"United States","New Hampshire","NH","2019-12-29","2020-01-04",2020,1,1359711,266,0,260,6,266
"United States","New Hampshire","NH","2020-01-05","2020-01-11",2020,2,1359711,267,0,261.6,5.39999999999998,267
"United States","New Hampshire","NH","2020-01-12","2020-01-18",2020,3,1359711,244,0,255.8,-11.8,244
"United States","New Hampshire","NH","2020-01-19","2020-01-25",2020,4,1359711,240,0,256.8,-16.8,240
"United States","New Hampshire","NH","2020-01-26","2020-02-01",2020,5,1359711,247,0,274.6,-27.6,247
"United States","New Hampshire","NH","2020-02-02","2020-02-08",2020,6,1359711,256,0,267.2,-11.2,256
"United States","New Hampshire","NH","2020-02-09","2020-02-15",2020,7,1359711,249,0,271,-22,249
"United States","New Hampshire","NH","2020-02-16","2020-02-22",2020,8,1359711,284,0,265.6,18.4,284
"United States","New Hampshire","NH","2020-02-23","2020-02-29",2020,9,1359711,231,0,247.4,-16.4,231
"United States","New Hampshire","NH","2020-03-01","2020-03-07",2020,10,1359711,280,0,256.2,23.8,280
"United States","New Hampshire","NH","2020-03-08","2020-03-14",2020,11,1359711,253,0,242.2,10.8,253
"United States","New Hampshire","NH","2020-03-15","2020-03-21",2020,12,1359711,256,0,244.4,11.6,256
"United States","New Hampshire","NH","2020-03-22","2020-03-28",2020,13,1359711,260,3,244.2,15.8,257
"United States","New Hampshire","NH","2020-03-29","2020-04-04",2020,14,1359711,253,6,256.6,-3.60000000000002,247
"United States","New Hampshire","NH","2020-04-05","2020-04-11",2020,15,1359711,266,14,230.6,35.4,252
"United States","New Hampshire","NH","2020-04-12","2020-04-18",2020,16,1359711,245,15,248.6,-3.59999999999999,230
"United States","New Hampshire","NH","2020-04-19","2020-04-25",2020,17,1359711,263,22,239.8,23.2,241
"United States","New Hampshire","NH","2020-04-26","2020-05-02",2020,18,1359711,261,24,236.6,24.4,237
"United States","New Hampshire","NH","2020-05-03","2020-05-09",2020,19,1359711,288,47,234,54,241
"United States","New Jersey","NJ","2019-12-29","2020-01-04",2020,1,8882190,1638,0,1575.6,62.4000000000001,1638
"United States","New Jersey","NJ","2020-01-05","2020-01-11",2020,2,8882190,1591,0,1651.4,-60.4000000000001,1591
"United States","New Jersey","NJ","2020-01-12","2020-01-18",2020,3,8882190,1497,0,1590.2,-93.2,1497
"United States","New Jersey","NJ","2020-01-19","2020-01-25",2020,4,8882190,1578,0,1604.8,-26.8,1578
"United States","New Jersey","NJ","2020-01-26","2020-02-01",2020,5,8882190,1522,0,1589.8,-67.8,1522
"United States","New Jersey","NJ","2020-02-02","2020-02-08",2020,6,8882190,1502,0,1595.2,-93.2,1502
"United States","New Jersey","NJ","2020-02-09","2020-02-15",2020,7,8882190,1491,0,1573.8,-82.8,1491
"United States","New Jersey","NJ","2020-02-16","2020-02-22",2020,8,8882190,1496,0,1535.2,-39.2,1496
"United States","New Jersey","NJ","2020-02-23","2020-02-29",2020,9,8882190,1583,0,1531,52,1583
"United States","New Jersey","NJ","2020-03-01","2020-03-07",2020,10,8882190,1530,0,1528.8,1.20000000000005,1530
"United States","New Jersey","NJ","2020-03-08","2020-03-14",2020,11,8882190,1466,1,1495.4,-29.4000000000001,1465
"United States","New Jersey","NJ","2020-03-15","2020-03-21",2020,12,8882190,1602,15,1507.4,94.5999999999999,1587
"United States","New Jersey","NJ","2020-03-22","2020-03-28",2020,13,8882190,2115,124,1455,660,1991
"United States","New Jersey","NJ","2020-03-29","2020-04-04",2020,14,8882190,3416,697,1467.2,1948.8,2719
"United States","New Jersey","NJ","2020-04-05","2020-04-11",2020,15,8882190,4547,1346,1436,3111,3201
"United States","New Jersey","NJ","2020-04-12","2020-04-18",2020,16,8882190,4413,1888,1412.8,3000.2,2525
"United States","New Jersey","NJ","2020-04-19","2020-04-25",2020,17,8882190,3529,1795,1384.8,2144.2,1734
"United States","New Jersey","NJ","2020-04-26","2020-05-02",2020,18,8882190,2509,1876,1396.4,1112.6,633
"United States","New Jersey","NJ","2020-05-03","2020-05-09",2020,19,8882190,1554,1373,1359.6,194.4,181
"United States","New Mexico","NM","2019-12-29","2020-01-04",2020,1,2096829,424,0,397.8,26.2,424
"United States","New Mexico","NM","2020-01-05","2020-01-11",2020,2,2096829,416,0,396.8,19.2,416
"United States","New Mexico","NM","2020-01-12","2020-01-18",2020,3,2096829,408,0,404.4,3.60000000000002,408
"United States","New Mexico","NM","2020-01-19","2020-01-25",2020,4,2096829,402,0,385,17,402
"United States","New Mexico","NM","2020-01-26","2020-02-01",2020,5,2096829,379,0,377,2,379
"United States","New Mexico","NM","2020-02-02","2020-02-08",2020,6,2096829,382,0,397,-15,382
"United States","New Mexico","NM","2020-02-09","2020-02-15",2020,7,2096829,391,0,385.2,5.80000000000001,391
"United States","New Mexico","NM","2020-02-16","2020-02-22",2020,8,2096829,387,0,390.4,-3.39999999999998,387
"United States","New Mexico","NM","2020-02-23","2020-02-29",2020,9,2096829,407,0,393.6,13.4,407
"United States","New Mexico","NM","2020-03-01","2020-03-07",2020,10,2096829,391,0,378.8,12.2,391
"United States","New Mexico","NM","2020-03-08","2020-03-14",2020,11,2096829,344,0,385.2,-41.2,344
"United States","New Mexico","NM","2020-03-15","2020-03-21",2020,12,2096829,379,0,378.4,0.600000000000023,379
"United States","New Mexico","NM","2020-03-22","2020-03-28",2020,13,2096829,352,2,375.6,-23.6,350
"United States","New Mexico","NM","2020-03-29","2020-04-04",2020,14,2096829,390,9,369.6,20.4,381
"United States","New Mexico","NM","2020-04-05","2020-04-11",2020,15,2096829,385,9,368.8,16.2,376
"United States","New Mexico","NM","2020-04-12","2020-04-18",2020,16,2096829,389,33,361.4,27.6,356
"United States","New Mexico","NM","2020-04-19","2020-04-25",2020,17,2096829,352,40,355,-3,312
"United States","New Mexico","NM","2020-04-26","2020-05-02",2020,18,2096829,326,45,360.4,-34.4,281
"United States","New Mexico","NM","2020-05-03","2020-05-09",2020,19,2096829,268,53,353.2,-85.2,215
"United States","New York City","NYC","2019-12-29","2020-01-04",2020,1,8398748,1033,0,1215.2,-182.2,1033
"United States","New York City","NYC","2020-01-05","2020-01-11",2020,2,8398748,1086,0,1170,-84,1086
"United States","New York City","NYC","2020-01-12","2020-01-18",2020,3,8398748,1130,0,1152.2,-22.2,1130
"United States","New York City","NYC","2020-01-19","2020-01-25",2020,4,8398748,1164,0,1175,-11,1164
"United States","New York City","NYC","2020-01-26","2020-02-01",2020,5,8398748,1146,0,1131.6,14.4000000000001,1146
"United States","New York City","NYC","2020-02-02","2020-02-08",2020,6,8398748,1140,0,1180.2,-40.2,1140
"United States","New York City","NYC","2020-02-09","2020-02-15",2020,7,8398748,1121,0,1127.2,-6.20000000000005,1121
"United States","New York City","NYC","2020-02-16","2020-02-22",2020,8,8398748,1057,0,1106,-49,1057
"United States","New York City","NYC","2020-02-23","2020-02-29",2020,9,8398748,1098,0,1097,1,1098
"United States","New York City","NYC","2020-03-01","2020-03-07",2020,10,8398748,1087,0,1081,6,1087
"United States","New York City","NYC","2020-03-08","2020-03-14",2020,11,8398748,1124,4,1088,36,1120
"United States","New York City","NYC","2020-03-15","2020-03-21",2020,12,8398748,1387,176,1042.8,344.2,1211
"United States","New York City","NYC","2020-03-22","2020-03-28",2020,13,8398748,2745,1193,1038.4,1706.6,1552
"United States","New York City","NYC","2020-03-29","2020-04-04",2020,14,8398748,6100,3750,1038,5062,2350
"United States","New York City","NYC","2020-04-05","2020-04-11",2020,15,8398748,7741,5226,1058.4,6682.6,2515
"United States","New York City","NYC","2020-04-12","2020-04-18",2020,16,8398748,5744,4133,1012.2,4731.8,1611
"United States","New York City","NYC","2020-04-19","2020-04-25",2020,17,8398748,3773,2727,990,2783,1046
"United States","New York City","NYC","2020-04-26","2020-05-02",2020,18,8398748,2339,1803,983.4,1355.6,536
"United States","New York City","NYC","2020-05-03","2020-05-09",2020,19,8398748,1803,1109,987,816,694
"United States","North Carolina","NC","2019-12-29","2020-01-04",2020,1,10488084,1976,0,1998.6,-22.5999999999999,1976
"United States","North Carolina","NC","2020-01-05","2020-01-11",2020,2,10488084,1986,0,2011.4,-25.4000000000001,1986
"United States","North Carolina","NC","2020-01-12","2020-01-18",2020,3,10488084,1869,0,1899.8,-30.8,1869
"United States","North Carolina","NC","2020-01-19","2020-01-25",2020,4,10488084,1953,0,1928.2,24.8,1953
"United States","North Carolina","NC","2020-01-26","2020-02-01",2020,5,10488084,1972,0,1917.4,54.5999999999999,1972
"United States","North Carolina","NC","2020-02-02","2020-02-08",2020,6,10488084,2052,0,1956.4,95.5999999999999,2052
"United States","North Carolina","NC","2020-02-09","2020-02-15",2020,7,10488084,2039,0,1948.4,90.5999999999999,2039
"United States","North Carolina","NC","2020-02-16","2020-02-22",2020,8,10488084,1902,0,1907,-5,1902
"United States","North Carolina","NC","2020-02-23","2020-02-29",2020,9,10488084,1924,0,1906.2,17.8,1924
"United States","North Carolina","NC","2020-03-01","2020-03-07",2020,10,10488084,1981,0,1910,71,1981
"United States","North Carolina","NC","2020-03-08","2020-03-14",2020,11,10488084,1906,0,1817.2,88.8,1906
"United States","North Carolina","NC","2020-03-15","2020-03-21",2020,12,10488084,1754,0,1848.8,-94.8,1754
"United States","North Carolina","NC","2020-03-22","2020-03-28",2020,13,10488084,1363,4,1825.6,-462.6,1359
"United States","North Carolina","NC","2020-03-29","2020-04-04",2020,14,10488084,1024,20,1794.6,-770.6,1004
"United States","North Carolina","NC","2020-04-05","2020-04-11",2020,15,10488084,497,56,1796.8,-1299.8,441
"United States","North Dakota","ND","2019-12-29","2020-01-04",2020,1,762062,142,0,127,15,142
"United States","North Dakota","ND","2020-01-05","2020-01-11",2020,2,762062,147,0,136.8,10.2,147
"United States","North Dakota","ND","2020-01-12","2020-01-18",2020,3,762062,159,0,137.6,21.4,159
"United States","North Dakota","ND","2020-01-19","2020-01-25",2020,4,762062,138,0,128.2,9.80000000000001,138
"United States","North Dakota","ND","2020-01-26","2020-02-01",2020,5,762062,126,0,125,1,126
"United States","North Dakota","ND","2020-02-02","2020-02-08",2020,6,762062,134,0,120.6,13.4,134
"United States","North Dakota","ND","2020-02-09","2020-02-15",2020,7,762062,139,0,132.8,6.19999999999999,139
"United States","North Dakota","ND","2020-02-16","2020-02-22",2020,8,762062,162,0,126.4,35.6,162
"United States","North Dakota","ND","2020-02-23","2020-02-29",2020,9,762062,139,0,126,13,139
"United States","North Dakota","ND","2020-03-01","2020-03-07",2020,10,762062,152,0,129.8,22.2,152
"United States","North Dakota","ND","2020-03-08","2020-03-14",2020,11,762062,126,0,120.8,5.2,126
"United States","North Dakota","ND","2020-03-15","2020-03-21",2020,12,762062,113,0,130.6,-17.6,113
"United States","North Dakota","ND","2020-03-22","2020-03-28",2020,13,762062,87,1,122.4,-35.4,86
"United States","North Dakota","ND","2020-03-29","2020-04-04",2020,14,762062,69,2,136.4,-67.4,67
"United States","North Dakota","ND","2020-04-05","2020-04-11",2020,15,762062,88,4,125.4,-37.4,84
"United States","North Dakota","ND","2020-04-12","2020-04-18",2020,16,762062,92,2,125.6,-33.6,90
"United States","North Dakota","ND","2020-04-19","2020-04-25",2020,17,762062,91,7,121.4,-30.4,84
"United States","North Dakota","ND","2020-04-26","2020-05-02",2020,18,762062,87,8,125.2,-38.2,79
"United States","North Dakota","ND","2020-05-03","2020-05-09",2020,19,762062,63,10,118.4,-55.4,53
"United States","Ohio","OH","2019-12-29","2020-01-04",2020,1,11689100,2552,0,2659.8,-107.8,2552
"United States","Ohio","OH","2020-01-05","2020-01-11",2020,2,11689100,2617,0,2717.2,-100.2,2617
"United States","Ohio","OH","2020-01-12","2020-01-18",2020,3,11689100,2460,0,2633.4,-173.4,2460
"United States","Ohio","OH","2020-01-19","2020-01-25",2020,4,11689100,2552,0,2570.8,-18.8000000000002,2552
"United States","Ohio","OH","2020-01-26","2020-02-01",2020,5,11689100,2483,0,2492.6,-9.59999999999991,2483
"United States","Ohio","OH","2020-02-02","2020-02-08",2020,6,11689100,2520,0,2498.2,21.8000000000002,2520
"United States","Ohio","OH","2020-02-09","2020-02-15",2020,7,11689100,2453,0,2479.8,-26.8000000000002,2453
"United States","Ohio","OH","2020-02-16","2020-02-22",2020,8,11689100,2507,0,2483.4,23.5999999999999,2507
"United States","Ohio","OH","2020-02-23","2020-02-29",2020,9,11689100,2433,0,2466.6,-33.5999999999999,2433
"United States","Ohio","OH","2020-03-01","2020-03-07",2020,10,11689100,2401,0,2491.6,-90.5999999999999,2401
"United States","Ohio","OH","2020-03-08","2020-03-14",2020,11,11689100,2356,0,2415,-59,2356
"United States","Ohio","OH","2020-03-15","2020-03-21",2020,12,11689100,2133,3,2427.8,-294.8,2130
"United States","Ohio","OH","2020-03-22","2020-03-28",2020,13,11689100,2249,22,2421.2,-172.2,2227
"United States","Ohio","OH","2020-03-29","2020-04-04",2020,14,11689100,2407,77,2471.6,-64.5999999999999,2330
"United States","Ohio","OH","2020-04-05","2020-04-11",2020,15,11689100,2502,145,2427.4,74.5999999999999,2357
"United States","Ohio","OH","2020-04-12","2020-04-18",2020,16,11689100,2429,204,2326.6,102.4,2225
"United States","Ohio","OH","2020-04-19","2020-04-25",2020,17,11689100,2364,258,2258,106,2106
"United States","Ohio","OH","2020-04-26","2020-05-02",2020,18,11689100,1850,312,2284.6,-434.6,1538
"United States","Ohio","OH","2020-05-03","2020-05-09",2020,19,11689100,1037,310,2292.2,-1255.2,727
"United States","Oklahoma","OK","2019-12-29","2020-01-04",2020,1,3956971,916,0,857.4,58.6,916
"United States","Oklahoma","OK","2020-01-05","2020-01-11",2020,2,3956971,826,0,863.2,-37.2,826
"United States","Oklahoma","OK","2020-01-12","2020-01-18",2020,3,3956971,794,0,871.2,-77.2,794
"United States","Oklahoma","OK","2020-01-19","2020-01-25",2020,4,3956971,711,0,869.8,-158.8,711
"United States","Oklahoma","OK","2020-01-26","2020-02-01",2020,5,3956971,735,0,856.8,-121.8,735
"United States","Oklahoma","OK","2020-02-02","2020-02-08",2020,6,3956971,811,0,864.4,-53.4,811
"United States","Oklahoma","OK","2020-02-09","2020-02-15",2020,7,3956971,808,0,867.6,-59.6,808
"United States","Oklahoma","OK","2020-02-16","2020-02-22",2020,8,3956971,768,0,843.8,-75.8,768
"United States","Oklahoma","OK","2020-02-23","2020-02-29",2020,9,3956971,799,0,836.8,-37.8,799
"United States","Oklahoma","OK","2020-03-01","2020-03-07",2020,10,3956971,785,0,847.4,-62.4,785
"United States","Oklahoma","OK","2020-03-08","2020-03-14",2020,11,3956971,775,0,815.4,-40.4,775
"United States","Oklahoma","OK","2020-03-15","2020-03-21",2020,12,3956971,817,1,815,2,816
"United States","Oklahoma","OK","2020-03-22","2020-03-28",2020,13,3956971,824,14,762,62,810
"United States","Oklahoma","OK","2020-03-29","2020-04-04",2020,14,3956971,731,27,753.4,-22.4,704
"United States","Oklahoma","OK","2020-04-05","2020-04-11",2020,15,3956971,813,52,763.8,49.2,761
"United States","Oklahoma","OK","2020-04-12","2020-04-18",2020,16,3956971,737,37,743,-6,700
"United States","Oklahoma","OK","2020-04-19","2020-04-25",2020,17,3956971,627,63,751.4,-124.4,564
"United States","Oklahoma","OK","2020-04-26","2020-05-02",2020,18,3956971,477,44,769.4,-292.4,433
"United States","Oklahoma","OK","2020-05-03","2020-05-09",2020,19,3956971,260,32,728.6,-468.6,228
"United States","Oregon","OR","2019-12-29","2020-01-04",2020,1,4217737,739,0,785.8,-46.8,739
"United States","Oregon","OR","2020-01-05","2020-01-11",2020,2,4217737,764,0,776,-12,764
"United States","Oregon","OR","2020-01-12","2020-01-18",2020,3,4217737,776,0,780.8,-4.79999999999995,776
"United States","Oregon","OR","2020-01-19","2020-01-25",2020,4,4217737,751,0,738.4,12.6,751
"United States","Oregon","OR","2020-01-26","2020-02-01",2020,5,4217737,717,0,743.2,-26.2,717
"United States","Oregon","OR","2020-02-02","2020-02-08",2020,6,4217737,731,0,739.6,-8.60000000000002,731
"United States","Oregon","OR","2020-02-09","2020-02-15",2020,7,4217737,768,0,710,58,768
"United States","Oregon","OR","2020-02-16","2020-02-22",2020,8,4217737,732,0,714.4,17.6,732
"United States","Oregon","OR","2020-02-23","2020-02-29",2020,9,4217737,735,0,738.8,-3.79999999999995,735
"United States","Oregon","OR","2020-03-01","2020-03-07",2020,10,4217737,793,0,747.4,45.6,793
"United States","Oregon","OR","2020-03-08","2020-03-14",2020,11,4217737,736,1,737.6,-1.60000000000002,735
"United States","Oregon","OR","2020-03-15","2020-03-21",2020,12,4217737,761,3,720.8,40.2,758
"United States","Oregon","OR","2020-03-22","2020-03-28",2020,13,4217737,761,9,704.6,56.4,752
"United States","Oregon","OR","2020-03-29","2020-04-04",2020,14,4217737,754,13,707.6,46.4,741
"United States","Oregon","OR","2020-04-05","2020-04-11",2020,15,4217737,745,25,706.8,38.2,720
"United States","Oregon","OR","2020-04-12","2020-04-18",2020,16,4217737,700,21,714.2,-14.2,679
"United States","Oregon","OR","2020-04-19","2020-04-25",2020,17,4217737,674,15,685.6,-11.6,659
"United States","Oregon","OR","2020-04-26","2020-05-02",2020,18,4217737,529,22,685.4,-156.4,507
"United States","Oregon","OR","2020-05-03","2020-05-09",2020,19,4217737,402,18,698.2,-296.2,384
"United States","Pennsylvania","PA","2019-12-29","2020-01-04",2020,1,12801989,2650,0,2889.8,-239.8,2650
"United States","Pennsylvania","PA","2020-01-05","2020-01-11",2020,2,12801989,2442,0,2935,-493,2442
"United States","Pennsylvania","PA","2020-01-12","2020-01-18",2020,3,12801989,2402,0,2913,-511,2402
"United States","Pennsylvania","PA","2020-01-19","2020-01-25",2020,4,12801989,2173,0,2906,-733,2173
"United States","Pennsylvania","PA","2020-01-26","2020-02-01",2020,5,12801989,1952,0,2811.4,-859.4,1952
"United States","Pennsylvania","PA","2020-02-02","2020-02-08",2020,6,12801989,1978,0,2826.6,-848.6,1978
"United States","Pennsylvania","PA","2020-02-09","2020-02-15",2020,7,12801989,1936,0,2847.8,-911.8,1936
"United States","Pennsylvania","PA","2020-02-16","2020-02-22",2020,8,12801989,1929,0,2789.4,-860.4,1929
"United States","Pennsylvania","PA","2020-02-23","2020-02-29",2020,9,12801989,1985,0,2782.8,-797.8,1985
"United States","Pennsylvania","PA","2020-03-01","2020-03-07",2020,10,12801989,1938,0,2781.2,-843.2,1938
"United States","Pennsylvania","PA","2020-03-08","2020-03-14",2020,11,12801989,2070,0,2733.8,-663.8,2070
"United States","Pennsylvania","PA","2020-03-15","2020-03-21",2020,12,12801989,2211,2,2711.6,-500.6,2209
"United States","Pennsylvania","PA","2020-03-22","2020-03-28",2020,13,12801989,2563,32,2680,-117,2531
"United States","Pennsylvania","PA","2020-03-29","2020-04-04",2020,14,12801989,2833,102,2625.6,207.4,2731
"United States","Pennsylvania","PA","2020-04-05","2020-04-11",2020,15,12801989,3281,358,2655.6,625.4,2923
"United States","Pennsylvania","PA","2020-04-12","2020-04-18",2020,16,12801989,3468,342,2607.6,860.4,3126
"United States","Pennsylvania","PA","2020-04-19","2020-04-25",2020,17,12801989,3156,700,2529.6,626.4,2456
"United States","Pennsylvania","PA","2020-04-26","2020-05-02",2020,18,12801989,3037,881,2465.2,571.8,2156
"United States","Pennsylvania","PA","2020-05-03","2020-05-09",2020,19,12801989,2716,1252,2433.6,282.4,1464
"United States","Rhode Island","RI","2019-12-29","2020-01-04",2020,1,1059361,225,0,213,12,225
"United States","Rhode Island","RI","2020-01-05","2020-01-11",2020,2,1059361,199,0,216,-17,199
"United States","Rhode Island","RI","2020-01-12","2020-01-18",2020,3,1059361,204,0,205,-1,204
"United States","Rhode Island","RI","2020-01-19","2020-01-25",2020,4,1059361,193,0,222.4,-29.4,193
"United States","Rhode Island","RI","2020-01-26","2020-02-01",2020,5,1059361,216,0,211.8,4.19999999999999,216
"United States","Rhode Island","RI","2020-02-02","2020-02-08",2020,6,1059361,232,0,226,6,232
"United States","Rhode Island","RI","2020-02-09","2020-02-15",2020,7,1059361,187,0,215.2,-28.2,187
"United States","Rhode Island","RI","2020-02-16","2020-02-22",2020,8,1059361,193,0,206.8,-13.8,193
"United States","Rhode Island","RI","2020-02-23","2020-02-29",2020,9,1059361,228,0,201,27,228
"United States","Rhode Island","RI","2020-03-01","2020-03-07",2020,10,1059361,238,0,211,27,238
"United States","Rhode Island","RI","2020-03-08","2020-03-14",2020,11,1059361,185,0,197.6,-12.6,185
"United States","Rhode Island","RI","2020-03-15","2020-03-21",2020,12,1059361,195,0,204.4,-9.40000000000001,195
"United States","Rhode Island","RI","2020-03-22","2020-03-28",2020,13,1059361,180,2,191.2,-11.2,178
"United States","Rhode Island","RI","2020-03-29","2020-04-04",2020,14,1059361,204,13,205.6,-1.59999999999999,191
"United States","Rhode Island","RI","2020-04-05","2020-04-11",2020,15,1059361,208,41,194.2,13.8,167
"United States","Rhode Island","RI","2020-04-12","2020-04-18",2020,16,1059361,234,81,200.2,33.8,153
"United States","Rhode Island","RI","2020-04-19","2020-04-25",2020,17,1059361,195,78,197.2,-2.19999999999999,117
"United States","Rhode Island","RI","2020-04-26","2020-05-02",2020,18,1059361,143,81,207,-64,62
"United States","Rhode Island","RI","2020-05-03","2020-05-09",2020,19,1059361,84,122,182,-98,-38
"United States","South Carolina","SC","2019-12-29","2020-01-04",2020,1,5148714,1104,0,1031.2,72.8,1104
"United States","South Carolina","SC","2020-01-05","2020-01-11",2020,2,5148714,1106,0,1050.6,55.4000000000001,1106
"United States","South Carolina","SC","2020-01-12","2020-01-18",2020,3,5148714,1088,0,1039.4,48.5999999999999,1088
"United States","South Carolina","SC","2020-01-19","2020-01-25",2020,4,5148714,1063,0,1022.8,40.2,1063
"United States","South Carolina","SC","2020-01-26","2020-02-01",2020,5,5148714,1024,0,1018.2,5.79999999999995,1024
"United States","South Carolina","SC","2020-02-02","2020-02-08",2020,6,5148714,1105,0,1035.8,69.2,1105
"United States","South Carolina","SC","2020-02-09","2020-02-15",2020,7,5148714,1011,0,1040,-29,1011
"United States","South Carolina","SC","2020-02-16","2020-02-22",2020,8,5148714,1058,0,1011.6,46.4,1058
"United States","South Carolina","SC","2020-02-23","2020-02-29",2020,9,5148714,1062,0,994.6,67.4,1062
"United States","South Carolina","SC","2020-03-01","2020-03-07",2020,10,5148714,1161,0,991.8,169.2,1161
"United States","South Carolina","SC","2020-03-08","2020-03-14",2020,11,5148714,1107,0,986.8,120.2,1107
"United States","South Carolina","SC","2020-03-15","2020-03-21",2020,12,5148714,1071,3,962,109,1068
"United States","South Carolina","SC","2020-03-22","2020-03-28",2020,13,5148714,1044,12,961.4,82.6,1032
"United States","South Carolina","SC","2020-03-29","2020-04-04",2020,14,5148714,1056,26,952.2,103.8,1030
"United States","South Carolina","SC","2020-04-05","2020-04-11",2020,15,5148714,1113,31,930.8,182.2,1082
"United States","South Carolina","SC","2020-04-12","2020-04-18",2020,16,5148714,1029,47,914.8,114.2,982
"United States","South Carolina","SC","2020-04-19","2020-04-25",2020,17,5148714,988,47,920.2,67.8,941
"United States","South Carolina","SC","2020-04-26","2020-05-02",2020,18,5148714,982,101,900.4,81.6,881
"United States","South Carolina","SC","2020-05-03","2020-05-09",2020,19,5148714,893,62,905.8,-12.8,831
"United States","South Dakota","SD","2019-12-29","2020-01-04",2020,1,884659,175,0,164.6,10.4,175
"United States","South Dakota","SD","2020-01-05","2020-01-11",2020,2,884659,157,0,161.4,-4.40000000000001,157
"United States","South Dakota","SD","2020-01-12","2020-01-18",2020,3,884659,167,0,153,14,167
"United States","South Dakota","SD","2020-01-19","2020-01-25",2020,4,884659,155,0,171.8,-16.8,155
"United States","South Dakota","SD","2020-01-26","2020-02-01",2020,5,884659,167,0,158.8,8.19999999999999,167
"United States","South Dakota","SD","2020-02-02","2020-02-08",2020,6,884659,148,0,157.4,-9.40000000000001,148
"United States","South Dakota","SD","2020-02-09","2020-02-15",2020,7,884659,176,0,165.2,10.8,176
"United States","South Dakota","SD","2020-02-16","2020-02-22",2020,8,884659,173,0,161.4,11.6,173
"United States","South Dakota","SD","2020-02-23","2020-02-29",2020,9,884659,154,0,162,-8,154
"United States","South Dakota","SD","2020-03-01","2020-03-07",2020,10,884659,191,0,165.6,25.4,191
"United States","South Dakota","SD","2020-03-08","2020-03-14",2020,11,884659,170,1,162.8,7.19999999999999,169
"United States","South Dakota","SD","2020-03-15","2020-03-21",2020,12,884659,157,0,165,-8,157
"United States","South Dakota","SD","2020-03-22","2020-03-28",2020,13,884659,149,0,155.2,-6.19999999999999,149
"United States","South Dakota","SD","2020-03-29","2020-04-04",2020,14,884659,165,1,164.2,0.800000000000011,164
"United States","South Dakota","SD","2020-04-05","2020-04-11",2020,15,884659,146,3,162.2,-16.2,143
"United States","South Dakota","SD","2020-04-12","2020-04-18",2020,16,884659,151,2,155.6,-4.59999999999999,149
"United States","South Dakota","SD","2020-04-19","2020-04-25",2020,17,884659,156,3,143,13,153
"United States","South Dakota","SD","2020-04-26","2020-05-02",2020,18,884659,136,11,150.4,-14.4,125
"United States","South Dakota","SD","2020-05-03","2020-05-09",2020,19,884659,92,13,149.8,-57.8,79
"United States","Tennessee","TN","2019-12-29","2020-01-04",2020,1,6833174,1555,0,1510.6,44.4000000000001,1555
"United States","Tennessee","TN","2020-01-05","2020-01-11",2020,2,6833174,1598,0,1484.4,113.6,1598
"United States","Tennessee","TN","2020-01-12","2020-01-18",2020,3,6833174,1492,0,1460.6,31.4000000000001,1492
"United States","Tennessee","TN","2020-01-19","2020-01-25",2020,4,6833174,1441,0,1423.2,17.8,1441
"United States","Tennessee","TN","2020-01-26","2020-02-01",2020,5,6833174,1493,0,1427.8,65.2,1493
"United States","Tennessee","TN","2020-02-02","2020-02-08",2020,6,6833174,1510,0,1453.8,56.2,1510
"United States","Tennessee","TN","2020-02-09","2020-02-15",2020,7,6833174,1372,0,1415.2,-43.2,1372
"United States","Tennessee","TN","2020-02-16","2020-02-22",2020,8,6833174,1428,0,1413.2,14.8,1428
"United States","Tennessee","TN","2020-02-23","2020-02-29",2020,9,6833174,1411,0,1398.2,12.8,1411
"United States","Tennessee","TN","2020-03-01","2020-03-07",2020,10,6833174,1539,0,1386.4,152.6,1539
"United States","Tennessee","TN","2020-03-08","2020-03-14",2020,11,6833174,1504,0,1370.6,133.4,1504
"United States","Tennessee","TN","2020-03-15","2020-03-21",2020,12,6833174,1432,1,1345.2,86.8,1431
"United States","Tennessee","TN","2020-03-22","2020-03-28",2020,13,6833174,1450,5,1341.4,108.6,1445
"United States","Tennessee","TN","2020-03-29","2020-04-04",2020,14,6833174,1475,37,1357.8,117.2,1438
"United States","Tennessee","TN","2020-04-05","2020-04-11",2020,15,6833174,1425,58,1326,99,1367
"United States","Tennessee","TN","2020-04-12","2020-04-18",2020,16,6833174,1436,44,1303.4,132.6,1392
"United States","Tennessee","TN","2020-04-19","2020-04-25",2020,17,6833174,1334,33,1314.4,19.5999999999999,1301
"United States","Tennessee","TN","2020-04-26","2020-05-02",2020,18,6833174,1287,31,1302.4,-15.4000000000001,1256
"United States","Tennessee","TN","2020-05-03","2020-05-09",2020,19,6833174,1057,33,1281,-224,1024
"United States","Texas","TX","2019-12-29","2020-01-04",2020,1,28995881,4231,0,4308.8,-77.8000000000002,4231
"United States","Texas","TX","2020-01-05","2020-01-11",2020,2,28995881,4477,0,4322.2,154.8,4477
"United States","Texas","TX","2020-01-12","2020-01-18",2020,3,28995881,4202,0,4196.8,5.19999999999982,4202
"United States","Texas","TX","2020-01-19","2020-01-25",2020,4,28995881,4054,0,4087,-33,4054
"United States","Texas","TX","2020-01-26","2020-02-01",2020,5,28995881,4104,0,4077.2,26.8000000000002,4104
"United States","Texas","TX","2020-02-02","2020-02-08",2020,6,28995881,4228,0,4089.2,138.8,4228
"United States","Texas","TX","2020-02-09","2020-02-15",2020,7,28995881,4273,0,4037.2,235.8,4273
"United States","Texas","TX","2020-02-16","2020-02-22",2020,8,28995881,4115,0,3977.4,137.6,4115
"United States","Texas","TX","2020-02-23","2020-02-29",2020,9,28995881,4051,0,3960.6,90.4000000000001,4051
"United States","Texas","TX","2020-03-01","2020-03-07",2020,10,28995881,4110,0,4006.2,103.8,4110
"United States","Texas","TX","2020-03-08","2020-03-14",2020,11,28995881,4058,0,3915.2,142.8,4058
"United States","Texas","TX","2020-03-15","2020-03-21",2020,12,28995881,4118,5,3858.6,259.4,4113
"United States","Texas","TX","2020-03-22","2020-03-28",2020,13,28995881,4129,25,3786,343,4104
"United States","Texas","TX","2020-03-29","2020-04-04",2020,14,28995881,4052,77,3735.2,316.8,3975
"United States","Texas","TX","2020-04-05","2020-04-11",2020,15,28995881,4104,147,3755.2,348.8,3957
"United States","Texas","TX","2020-04-12","2020-04-18",2020,16,28995881,4052,199,3683.4,368.6,3853
"United States","Texas","TX","2020-04-19","2020-04-25",2020,17,28995881,4052,169,3702,350,3883
"United States","Texas","TX","2020-04-26","2020-05-02",2020,18,28995881,3631,224,3707.2,-76.1999999999998,3407
"United States","Texas","TX","2020-05-03","2020-05-09",2020,19,28995881,2553,202,3627.6,-1074.6,2351
"United States","Utah","UT","2019-12-29","2020-01-04",2020,1,3205958,374,0,408.2,-34.2,374
"United States","Utah","UT","2020-01-05","2020-01-11",2020,2,3205958,427,0,365.2,61.8,427
"United States","Utah","UT","2020-01-12","2020-01-18",2020,3,3205958,401,0,349.2,51.8,401
"United States","Utah","UT","2020-01-19","2020-01-25",2020,4,3205958,372,0,375.2,-3.19999999999999,372
"United States","Utah","UT","2020-01-26","2020-02-01",2020,5,3205958,349,0,353.6,-4.60000000000002,349
"United States","Utah","UT","2020-02-02","2020-02-08",2020,6,3205958,282,0,367,-85,282
"United States","Utah","UT","2020-02-09","2020-02-15",2020,7,3205958,404,0,359.4,44.6,404
"United States","Utah","UT","2020-02-16","2020-02-22",2020,8,3205958,358,0,370.6,-12.6,358
"United States","Utah","UT","2020-02-23","2020-02-29",2020,9,3205958,383,0,367,16,383
"United States","Utah","UT","2020-03-01","2020-03-07",2020,10,3205958,393,0,372.6,20.4,393
"United States","Utah","UT","2020-03-08","2020-03-14",2020,11,3205958,395,0,355.2,39.8,395
"United States","Utah","UT","2020-03-15","2020-03-21",2020,12,3205958,403,0,364,39,403
"United States","Utah","UT","2020-03-22","2020-03-28",2020,13,3205958,382,3,340,42,379
"United States","Utah","UT","2020-03-29","2020-04-04",2020,14,3205958,395,5,352.4,42.6,390
"United States","Utah","UT","2020-04-05","2020-04-11",2020,15,3205958,372,10,354.8,17.2,362
"United States","Utah","UT","2020-04-12","2020-04-18",2020,16,3205958,369,7,360.2,8.80000000000001,362
"United States","Utah","UT","2020-04-19","2020-04-25",2020,17,3205958,377,16,327.6,49.4,361
"United States","Utah","UT","2020-04-26","2020-05-02",2020,18,3205958,368,8,339,29,360
"United States","Utah","UT","2020-05-03","2020-05-09",2020,19,3205958,336,19,345,-9,317
"United States","Vermont","VT","2019-12-29","2020-01-04",2020,1,623989,101,0,120.2,-19.2,101
"United States","Vermont","VT","2020-01-05","2020-01-11",2020,2,623989,116,0,125,-9,116
"United States","Vermont","VT","2020-01-12","2020-01-18",2020,3,623989,138,0,120.6,17.4,138
"United States","Vermont","VT","2020-01-19","2020-01-25",2020,4,623989,117,0,126.6,-9.59999999999999,117
"United States","Vermont","VT","2020-01-26","2020-02-01",2020,5,623989,107,0,124.8,-17.8,107
"United States","Vermont","VT","2020-02-02","2020-02-08",2020,6,623989,115,0,122.4,-7.40000000000001,115
"United States","Vermont","VT","2020-02-09","2020-02-15",2020,7,623989,132,0,117.2,14.8,132
"United States","Vermont","VT","2020-02-16","2020-02-22",2020,8,623989,121,0,118.6,2.40000000000001,121
"United States","Vermont","VT","2020-02-23","2020-02-29",2020,9,623989,139,0,107.2,31.8,139
"United States","Vermont","VT","2020-03-01","2020-03-07",2020,10,623989,119,0,132,-13,119
"United States","Vermont","VT","2020-03-08","2020-03-14",2020,11,623989,141,0,120.4,20.6,141
"United States","Vermont","VT","2020-03-15","2020-03-21",2020,12,623989,139,2,121.4,17.6,137
"United States","Vermont","VT","2020-03-22","2020-03-28",2020,13,623989,113,10,114.6,-1.59999999999999,103
"United States","Vermont","VT","2020-03-29","2020-04-04",2020,14,623989,129,4,111.8,17.2,125
"United States","Vermont","VT","2020-04-05","2020-04-11",2020,15,623989,123,8,123.8,-0.799999999999997,115
"United States","Vermont","VT","2020-04-12","2020-04-18",2020,16,623989,132,12,117,15,120
"United States","Vermont","VT","2020-04-19","2020-04-25",2020,17,623989,122,9,118.6,3.40000000000001,113
"United States","Vermont","VT","2020-04-26","2020-05-02",2020,18,623989,105,5,112.2,-7.2,100
"United States","Vermont","VT","2020-05-03","2020-05-09",2020,19,623989,96,3,104,-8,93
"United States","Virginia","VA","2019-12-29","2020-01-04",2020,1,8535519,1444,0,1452.8,-8.79999999999995,1444
"United States","Virginia","VA","2020-01-05","2020-01-11",2020,2,8535519,1538,0,1466.6,71.4000000000001,1538
"United States","Virginia","VA","2020-01-12","2020-01-18",2020,3,8535519,1447,0,1433.6,13.4000000000001,1447
"United States","Virginia","VA","2020-01-19","2020-01-25",2020,4,8535519,1302,0,1393.4,-91.4000000000001,1302
"United States","Virginia","VA","2020-01-26","2020-02-01",2020,5,8535519,1423,0,1403.4,19.5999999999999,1423
"United States","Virginia","VA","2020-02-02","2020-02-08",2020,6,8535519,1544,0,1414.6,129.4,1544
"United States","Virginia","VA","2020-02-09","2020-02-15",2020,7,8535519,1400,0,1401.4,-1.40000000000009,1400
"United States","Virginia","VA","2020-02-16","2020-02-22",2020,8,8535519,1451,0,1408.8,42.2,1451
"United States","Virginia","VA","2020-02-23","2020-02-29",2020,9,8535519,1404,0,1404,0,1404
"United States","Virginia","VA","2020-03-01","2020-03-07",2020,10,8535519,1498,0,1387.8,110.2,1498
"United States","Virginia","VA","2020-03-08","2020-03-14",2020,11,8535519,1445,1,1341.4,103.6,1444
"United States","Virginia","VA","2020-03-15","2020-03-21",2020,12,8535519,1437,1,1364.8,72.2,1436
"United States","Virginia","VA","2020-03-22","2020-03-28",2020,13,8535519,1508,15,1335.4,172.6,1493
"United States","Virginia","VA","2020-03-29","2020-04-04",2020,14,8535519,1450,35,1336.4,113.6,1415
"United States","Virginia","VA","2020-04-05","2020-04-11",2020,15,8535519,1580,78,1319.8,260.2,1502
"United States","Virginia","VA","2020-04-12","2020-04-18",2020,16,8535519,1530,127,1298.4,231.6,1403
"United States","Virginia","VA","2020-04-19","2020-04-25",2020,17,8535519,1500,180,1263,237,1320
"United States","Virginia","VA","2020-04-26","2020-05-02",2020,18,8535519,1512,180,1301.2,210.8,1332
"United States","Virginia","VA","2020-05-03","2020-05-09",2020,19,8535519,1243,211,1263,-20,1032
"United States","Washington","WA","2019-12-29","2020-01-04",2020,1,7614893,1173,0,1219.8,-46.8,1173
"United States","Washington","WA","2020-01-05","2020-01-11",2020,2,7614893,1247,0,1241.4,5.59999999999991,1247
"United States","Washington","WA","2020-01-12","2020-01-18",2020,3,7614893,1216,0,1213.8,2.20000000000005,1216
"United States","Washington","WA","2020-01-19","2020-01-25",2020,4,7614893,1187,0,1171.6,15.4000000000001,1187
"United States","Washington","WA","2020-01-26","2020-02-01",2020,5,7614893,1197,0,1152.8,44.2,1197
"United States","Washington","WA","2020-02-02","2020-02-08",2020,6,7614893,1185,0,1151.6,33.4000000000001,1185
"United States","Washington","WA","2020-02-09","2020-02-15",2020,7,7614893,1182,0,1169.4,12.5999999999999,1182
"United States","Washington","WA","2020-02-16","2020-02-22",2020,8,7614893,1108,0,1141.4,-33.4000000000001,1108
"United States","Washington","WA","2020-02-23","2020-02-29",2020,9,7614893,1135,1,1147,-12,1134
"United States","Washington","WA","2020-03-01","2020-03-07",2020,10,7614893,1199,15,1144,55,1184
"United States","Washington","WA","2020-03-08","2020-03-14",2020,11,7614893,1166,24,1130,36,1142
"United States","Washington","WA","2020-03-15","2020-03-21",2020,12,7614893,1214,54,1168,46,1160
"United States","Washington","WA","2020-03-22","2020-03-28",2020,13,7614893,1285,90,1096.4,188.6,1195
"United States","Washington","WA","2020-03-29","2020-04-04",2020,14,7614893,1303,126,1106.8,196.2,1177
"United States","Washington","WA","2020-04-05","2020-04-11",2020,15,7614893,1293,181,1089.4,203.6,1112
"United States","Washington","WA","2020-04-12","2020-04-18",2020,16,7614893,1223,133,1085,138,1090
"United States","Washington","WA","2020-04-19","2020-04-25",2020,17,7614893,1167,114,1026.8,140.2,1053
"United States","Washington","WA","2020-04-26","2020-05-02",2020,18,7614893,955,91,1092.2,-137.2,864
"United States","Washington","WA","2020-05-03","2020-05-09",2020,19,7614893,744,91,1070,-326,653
"United States","West Virginia","WV","2019-12-29","2020-01-04",2020,1,1792147,484,0,515.4,-31.4,484
"United States","West Virginia","WV","2020-01-05","2020-01-11",2020,2,1792147,483,0,510,-27,483
"United States","West Virginia","WV","2020-01-12","2020-01-18",2020,3,1792147,532,0,515.6,16.4,532
"United States","West Virginia","WV","2020-01-19","2020-01-25",2020,4,1792147,453,0,476.8,-23.8,453
"United States","West Virginia","WV","2020-01-26","2020-02-01",2020,5,1792147,468,0,490.4,-22.4,468
"United States","West Virginia","WV","2020-02-02","2020-02-08",2020,6,1792147,486,0,468.4,17.6,486
"United States","West Virginia","WV","2020-02-09","2020-02-15",2020,7,1792147,479,0,484.2,-5.19999999999999,479
"United States","West Virginia","WV","2020-02-16","2020-02-22",2020,8,1792147,469,0,457,12,469
"United States","West Virginia","WV","2020-02-23","2020-02-29",2020,9,1792147,456,0,457.6,-1.60000000000002,456
"United States","West Virginia","WV","2020-03-01","2020-03-07",2020,10,1792147,470,0,462.2,7.80000000000001,470
"United States","West Virginia","WV","2020-03-08","2020-03-14",2020,11,1792147,452,0,464.6,-12.6,452
"United States","West Virginia","WV","2020-03-15","2020-03-21",2020,12,1792147,491,0,465,26,491
"United States","West Virginia","WV","2020-03-22","2020-03-28",2020,13,1792147,479,0,470.4,8.60000000000002,479
"United States","West Virginia","WV","2020-03-29","2020-04-04",2020,14,1792147,427,2,464.8,-37.8,425
"United States","West Virginia","WV","2020-04-05","2020-04-11",2020,15,1792147,449,4,464.6,-15.6,445
"United States","West Virginia","WV","2020-04-12","2020-04-18",2020,16,1792147,309,12,438.8,-129.8,297
"United States","West Virginia","WV","2020-04-19","2020-04-25",2020,17,1792147,246,15,436.6,-190.6,231
"United States","West Virginia","WV","2020-04-26","2020-05-02",2020,18,1792147,102,17,437.4,-335.4,85
"United States","Wisconsin","WI","2019-12-29","2020-01-04",2020,1,5822434,1120,0,1139.6,-19.5999999999999,1120
"United States","Wisconsin","WI","2020-01-05","2020-01-11",2020,2,5822434,1076,0,1112.2,-36.2,1076
"United States","Wisconsin","WI","2020-01-12","2020-01-18",2020,3,5822434,1152,0,1110.6,41.4000000000001,1152
"United States","Wisconsin","WI","2020-01-19","2020-01-25",2020,4,5822434,1096,0,1096.4,-0.400000000000091,1096
"United States","Wisconsin","WI","2020-01-26","2020-02-01",2020,5,5822434,1189,0,1079.8,109.2,1189
"United States","Wisconsin","WI","2020-02-02","2020-02-08",2020,6,5822434,1056,0,1061.2,-5.20000000000005,1056
"United States","Wisconsin","WI","2020-02-09","2020-02-15",2020,7,5822434,1128,0,1036.8,91.2,1128
"United States","Wisconsin","WI","2020-02-16","2020-02-22",2020,8,5822434,1172,0,920.2,251.8,1172
"United States","Wisconsin","WI","2020-02-23","2020-02-29",2020,9,5822434,1139,0,914.8,224.2,1139
"United States","Wisconsin","WI","2020-03-01","2020-03-07",2020,10,5822434,1129,0,993,136,1129
"United States","Wisconsin","WI","2020-03-08","2020-03-14",2020,11,5822434,1116,0,1027,89,1116
"United States","Wisconsin","WI","2020-03-15","2020-03-21",2020,12,5822434,1110,4,1047.2,62.8,1106
"United States","Wisconsin","WI","2020-03-22","2020-03-28",2020,13,5822434,1142,9,1005.4,136.6,1133
"United States","Wisconsin","WI","2020-03-29","2020-04-04",2020,14,5822434,1234,43,1018.6,215.4,1191
"United States","Wisconsin","WI","2020-04-05","2020-04-11",2020,15,5822434,1171,81,1053.6,117.4,1090
"United States","Wisconsin","WI","2020-04-12","2020-04-18",2020,16,5822434,1132,74,1006.2,125.8,1058
"United States","Wisconsin","WI","2020-04-19","2020-04-25",2020,17,5822434,1020,55,992.6,27.4,965
"United States","Wisconsin","WI","2020-04-26","2020-05-02",2020,18,5822434,1096,68,994,102,1028
"United States","Wisconsin","WI","2020-05-03","2020-05-09",2020,19,5822434,932,64,986.4,-54.4,868
"United States","Wyoming","WY","2019-12-29","2020-01-04",2020,1,578759,154,0,103.2,50.8,154
"United States","Wyoming","WY","2020-01-05","2020-01-11",2020,2,578759,89,0,102.6,-13.6,89
"United States","Wyoming","WY","2020-01-12","2020-01-18",2020,3,578759,113,0,101.4,11.6,113
"United States","Wyoming","WY","2020-01-19","2020-01-25",2020,4,578759,102,0,97.6,4.40000000000001,102
"United States","Wyoming","WY","2020-01-26","2020-02-01",2020,5,578759,104,0,101,3,104
"United States","Wyoming","WY","2020-02-02","2020-02-08",2020,6,578759,105,0,97.8,7.2,105
"United States","Wyoming","WY","2020-02-09","2020-02-15",2020,7,578759,90,0,94.4,-4.40000000000001,90
"United States","Wyoming","WY","2020-02-16","2020-02-22",2020,8,578759,105,0,102.2,2.8,105
"United States","Wyoming","WY","2020-02-23","2020-02-29",2020,9,578759,109,0,99.4,9.59999999999999,109
"United States","Wyoming","WY","2020-03-01","2020-03-07",2020,10,578759,85,0,105.2,-20.2,85
"United States","Wyoming","WY","2020-03-08","2020-03-14",2020,11,578759,100,0,102.4,-2.40000000000001,100
"United States","Wyoming","WY","2020-03-15","2020-03-21",2020,12,578759,125,0,102.2,22.8,125
"United States","Wyoming","WY","2020-03-22","2020-03-28",2020,13,578759,97,0,95.4,1.59999999999999,97
"United States","Wyoming","WY","2020-03-29","2020-04-04",2020,14,578759,121,0,97.4,23.6,121
"United States","Wyoming","WY","2020-04-05","2020-04-11",2020,15,578759,106,0,92.8,13.2,106
"United States","Wyoming","WY","2020-04-12","2020-04-18",2020,16,578759,92,2,97,-5,90
"United States","Wyoming","WY","2020-04-19","2020-04-25",2020,17,578759,97,5,81.4,15.6,92
"United States","Wyoming","WY","2020-04-26","2020-05-02",2020,18,578759,62,0,91.8,-29.8,62
"United States","Wyoming","WY","2020-05-03","2020-05-09",2020,19,578759,59,0,92,-33,59
"United States","New York","NY","2019-12-29","2020-01-04",2020,1,19453561,3226,0,3393.8,-167.8,3226
"United States","New York","NY","2020-01-05","2020-01-11",2020,2,19453561,3212,0,3384.2,-172.2,3212
"United States","New York","NY","2020-01-12","2020-01-18",2020,3,19453561,3307,0,3285.2,21.8000000000002,3307
"United States","New York","NY","2020-01-19","2020-01-25",2020,4,19453561,3223,0,3353.2,-130.2,3223
"United States","New York","NY","2020-01-26","2020-02-01",2020,5,19453561,3216,0,3257.2,-41.1999999999998,3216
"United States","New York","NY","2020-02-02","2020-02-08",2020,6,19453561,3234,0,3277.4,-43.4000000000001,3234
"United States","New York","NY","2020-02-09","2020-02-15",2020,7,19453561,3157,0,3214.2,-57.1999999999998,3157
"United States","New York","NY","2020-02-16","2020-02-22",2020,8,19453561,3119,0,3189,-70,3119
"United States","New York","NY","2020-02-23","2020-02-29",2020,9,19453561,3228,0,3196.2,31.8000000000002,3228
"United States","New York","NY","2020-03-01","2020-03-07",2020,10,19453561,3134,0,3203.8,-69.8000000000002,3134
"United States","New York","NY","2020-03-08","2020-03-14",2020,11,19453561,3077,3,3102.6,-25.5999999999999,3074
"United States","New York","NY","2020-03-15","2020-03-21",2020,12,19453561,3456,74,3086.8,369.2,3382
"United States","New York","NY","2020-03-22","2020-03-28",2020,13,19453561,5187,914,3057.6,2129.4,4273
"United States","New York","NY","2020-03-29","2020-04-04",2020,14,19453561,9596,3533,3027.4,6568.6,6063
"United States","New York","NY","2020-04-05","2020-04-11",2020,15,19453561,12079,6588,3079,9000,5491
"United States","New York","NY","2020-04-12","2020-04-18",2020,16,19453561,9864,5117,2984.4,6879.6,4747
"United States","New York","NY","2020-04-19","2020-04-25",2020,17,19453561,7123,5242,2917,4206,1881
"United States","New York","NY","2020-04-26","2020-05-02",2020,18,19453561,5109,2454,2912,2197,2655
"United States","New York","NY","2020-05-03","2020-05-09",2020,19,19453561,4305,2657,2825.8,1479.2,1648
