"country","region","region_code","start_date","end_date","days","year","week","population","total_deaths","covid_deaths","expected_deaths"
"Ecuador","Ecuador",0,"2014-12-29","2015-01-04",7,2015,1,17888474,1327,0,"TBC"
"Ecuador","Ecuador",0,"2015-01-05","2015-01-11",7,2015,2,17888474,1234,0,"TBC"
"Ecuador","Ecuador",0,"2015-01-12","2015-01-18",7,2015,3,17888474,1305,0,"TBC"
"Ecuador","Ecuador",0,"2015-01-19","2015-01-25",7,2015,4,17888474,1176,0,"TBC"
"Ecuador","Ecuador",0,"2015-01-26","2015-02-01",7,2015,5,17888474,1184,0,"TBC"
"Ecuador","Ecuador",0,"2015-02-02","2015-02-08",7,2015,6,17888474,1208,0,"TBC"
"Ecuador","Ecuador",0,"2015-02-09","2015-02-15",7,2015,7,17888474,1301,0,"TBC"
"Ecuador","Ecuador",0,"2015-02-16","2015-02-22",7,2015,8,17888474,1272,0,"TBC"
"Ecuador","Ecuador",0,"2015-02-23","2015-03-01",7,2015,9,17888474,1238,0,"TBC"
"Ecuador","Ecuador",0,"2015-03-02","2015-03-08",7,2015,10,17888474,1332,0,"TBC"
"Ecuador","Ecuador",0,"2015-03-09","2015-03-15",7,2015,11,17888474,1286,0,"TBC"
"Ecuador","Ecuador",0,"2015-03-16","2015-03-22",7,2015,12,17888474,1231,0,"TBC"
"Ecuador","Ecuador",0,"2015-03-23","2015-03-29",7,2015,13,17888474,1180,0,"TBC"
"Ecuador","Ecuador",0,"2015-03-30","2015-04-05",7,2015,14,17888474,1330,0,"TBC"
"Ecuador","Ecuador",0,"2015-04-06","2015-04-12",7,2015,15,17888474,1321,0,"TBC"
"Ecuador","Ecuador",0,"2015-04-13","2015-04-19",7,2015,16,17888474,1253,0,"TBC"
"Ecuador","Ecuador",0,"2015-04-20","2015-04-26",7,2015,17,17888474,1310,0,"TBC"
"Ecuador","Ecuador",0,"2015-04-27","2015-05-03",7,2015,18,17888474,1287,0,"TBC"
"Ecuador","Ecuador",0,"2015-05-04","2015-05-10",7,2015,19,17888474,1288,0,"TBC"
"Ecuador","Ecuador",0,"2015-05-11","2015-05-17",7,2015,20,17888474,1335,0,"TBC"
"Ecuador","Ecuador",0,"2015-05-18","2015-05-24",7,2015,21,17888474,1340,0,"TBC"
"Ecuador","Ecuador",0,"2015-05-25","2015-05-31",7,2015,22,17888474,1366,0,"TBC"
"Ecuador","Ecuador",0,"2015-06-01","2015-06-07",7,2015,23,17888474,1345,0,"TBC"
"Ecuador","Ecuador",0,"2015-06-08","2015-06-14",7,2015,24,17888474,1238,0,"TBC"
"Ecuador","Ecuador",0,"2015-06-15","2015-06-21",7,2015,25,17888474,1322,0,"TBC"
"Ecuador","Ecuador",0,"2015-06-22","2015-06-28",7,2015,26,17888474,1318,0,"TBC"
"Ecuador","Ecuador",0,"2015-06-29","2015-07-05",7,2015,27,17888474,1291,0,"TBC"
"Ecuador","Ecuador",0,"2015-07-06","2015-07-12",7,2015,28,17888474,1243,0,"TBC"
"Ecuador","Ecuador",0,"2015-07-13","2015-07-19",7,2015,29,17888474,1285,0,"TBC"
"Ecuador","Ecuador",0,"2015-07-20","2015-07-26",7,2015,30,17888474,1213,0,"TBC"
"Ecuador","Ecuador",0,"2015-07-27","2015-08-02",7,2015,31,17888474,1236,0,"TBC"
"Ecuador","Ecuador",0,"2015-08-03","2015-08-09",7,2015,32,17888474,1235,0,"TBC"
"Ecuador","Ecuador",0,"2015-08-10","2015-08-16",7,2015,33,17888474,1221,0,"TBC"
"Ecuador","Ecuador",0,"2015-08-17","2015-08-23",7,2015,34,17888474,1252,0,"TBC"
"Ecuador","Ecuador",0,"2015-08-24","2015-08-30",7,2015,35,17888474,1252,0,"TBC"
"Ecuador","Ecuador",0,"2015-08-31","2015-09-06",7,2015,36,17888474,1209,0,"TBC"
"Ecuador","Ecuador",0,"2015-09-07","2015-09-13",7,2015,37,17888474,1166,0,"TBC"
"Ecuador","Ecuador",0,"2015-09-14","2015-09-20",7,2015,38,17888474,1196,0,"TBC"
"Ecuador","Ecuador",0,"2015-09-21","2015-09-27",7,2015,39,17888474,1240,0,"TBC"
"Ecuador","Ecuador",0,"2015-09-28","2015-10-04",7,2015,40,17888474,1252,0,"TBC"
"Ecuador","Ecuador",0,"2015-10-05","2015-10-11",7,2015,41,17888474,1234,0,"TBC"
"Ecuador","Ecuador",0,"2015-10-12","2015-10-18",7,2015,42,17888474,1226,0,"TBC"
"Ecuador","Ecuador",0,"2015-10-19","2015-10-25",7,2015,43,17888474,1278,0,"TBC"
"Ecuador","Ecuador",0,"2015-10-26","2015-11-01",7,2015,44,17888474,1210,0,"TBC"
"Ecuador","Ecuador",0,"2015-11-02","2015-11-08",7,2015,45,17888474,1201,0,"TBC"
"Ecuador","Ecuador",0,"2015-11-09","2015-11-15",7,2015,46,17888474,1229,0,"TBC"
"Ecuador","Ecuador",0,"2015-11-16","2015-11-22",7,2015,47,17888474,1180,0,"TBC"
"Ecuador","Ecuador",0,"2015-11-23","2015-11-29",7,2015,48,17888474,1224,0,"TBC"
"Ecuador","Ecuador",0,"2015-11-30","2015-12-06",7,2015,49,17888474,1248,0,"TBC"
"Ecuador","Ecuador",0,"2015-12-07","2015-12-13",7,2015,50,17888474,1260,0,"TBC"
"Ecuador","Ecuador",0,"2015-12-14","2015-12-20",7,2015,51,17888474,1257,0,"TBC"
"Ecuador","Ecuador",0,"2015-12-21","2015-12-27",7,2015,52,17888474,1242,0,"TBC"
"Ecuador","Ecuador",0,"2015-12-28","2016-01-03",7,2015,53,17888474,1367,0,"TBC"
"Ecuador","Ecuador",0,"2016-01-04","2016-01-10",7,2016,1,17888474,1241,0,"TBC"
"Ecuador","Ecuador",0,"2016-01-11","2016-01-17",7,2016,2,17888474,1270,0,"TBC"
"Ecuador","Ecuador",0,"2016-01-18","2016-01-24",7,2016,3,17888474,1250,0,"TBC"
"Ecuador","Ecuador",0,"2016-01-25","2016-01-31",7,2016,4,17888474,1265,0,"TBC"
"Ecuador","Ecuador",0,"2016-02-01","2016-02-07",7,2016,5,17888474,1339,0,"TBC"
"Ecuador","Ecuador",0,"2016-02-08","2016-02-14",7,2016,6,17888474,1391,0,"TBC"
"Ecuador","Ecuador",0,"2016-02-15","2016-02-21",7,2016,7,17888474,1264,0,"TBC"
"Ecuador","Ecuador",0,"2016-02-22","2016-02-28",7,2016,8,17888474,1291,0,"TBC"
"Ecuador","Ecuador",0,"2016-02-29","2016-03-06",7,2016,9,17888474,1327,0,"TBC"
"Ecuador","Ecuador",0,"2016-03-07","2016-03-13",7,2016,10,17888474,1470,0,"TBC"
"Ecuador","Ecuador",0,"2016-03-14","2016-03-20",7,2016,11,17888474,1434,0,"TBC"
"Ecuador","Ecuador",0,"2016-03-21","2016-03-27",7,2016,12,17888474,1389,0,"TBC"
"Ecuador","Ecuador",0,"2016-03-28","2016-04-03",7,2016,13,17888474,1466,0,"TBC"
"Ecuador","Ecuador",0,"2016-04-04","2016-04-10",7,2016,14,17888474,1399,0,"TBC"
"Ecuador","Ecuador",0,"2016-04-11","2016-04-17",7,2016,15,17888474,1987,0,"TBC"
"Ecuador","Ecuador",0,"2016-04-18","2016-04-24",7,2016,16,17888474,1302,0,"TBC"
"Ecuador","Ecuador",0,"2016-04-25","2016-05-01",7,2016,17,17888474,1259,0,"TBC"
"Ecuador","Ecuador",0,"2016-05-02","2016-05-08",7,2016,18,17888474,1363,0,"TBC"
"Ecuador","Ecuador",0,"2016-05-09","2016-05-15",7,2016,19,17888474,1238,0,"TBC"
"Ecuador","Ecuador",0,"2016-05-16","2016-05-22",7,2016,20,17888474,1248,0,"TBC"
"Ecuador","Ecuador",0,"2016-05-23","2016-05-29",7,2016,21,17888474,1260,0,"TBC"
"Ecuador","Ecuador",0,"2016-05-30","2016-06-05",7,2016,22,17888474,1293,0,"TBC"
"Ecuador","Ecuador",0,"2016-06-06","2016-06-12",7,2016,23,17888474,1276,0,"TBC"
"Ecuador","Ecuador",0,"2016-06-13","2016-06-19",7,2016,24,17888474,1242,0,"TBC"
"Ecuador","Ecuador",0,"2016-06-20","2016-06-26",7,2016,25,17888474,1333,0,"TBC"
"Ecuador","Ecuador",0,"2016-06-27","2016-07-03",7,2016,26,17888474,1241,0,"TBC"
"Ecuador","Ecuador",0,"2016-07-04","2016-07-10",7,2016,27,17888474,1237,0,"TBC"
"Ecuador","Ecuador",0,"2016-07-11","2016-07-17",7,2016,28,17888474,1226,0,"TBC"
"Ecuador","Ecuador",0,"2016-07-18","2016-07-24",7,2016,29,17888474,1258,0,"TBC"
"Ecuador","Ecuador",0,"2016-07-25","2016-07-31",7,2016,30,17888474,1248,0,"TBC"
"Ecuador","Ecuador",0,"2016-08-01","2016-08-07",7,2016,31,17888474,1243,0,"TBC"
"Ecuador","Ecuador",0,"2016-08-08","2016-08-14",7,2016,32,17888474,1308,0,"TBC"
"Ecuador","Ecuador",0,"2016-08-15","2016-08-21",7,2016,33,17888474,1238,0,"TBC"
"Ecuador","Ecuador",0,"2016-08-22","2016-08-28",7,2016,34,17888474,1267,0,"TBC"
"Ecuador","Ecuador",0,"2016-08-29","2016-09-04",7,2016,35,17888474,1346,0,"TBC"
"Ecuador","Ecuador",0,"2016-09-05","2016-09-11",7,2016,36,17888474,1213,0,"TBC"
"Ecuador","Ecuador",0,"2016-09-12","2016-09-18",7,2016,37,17888474,1245,0,"TBC"
"Ecuador","Ecuador",0,"2016-09-19","2016-09-25",7,2016,38,17888474,1280,0,"TBC"
"Ecuador","Ecuador",0,"2016-09-26","2016-10-02",7,2016,39,17888474,1250,0,"TBC"
"Ecuador","Ecuador",0,"2016-10-03","2016-10-09",7,2016,40,17888474,1309,0,"TBC"
"Ecuador","Ecuador",0,"2016-10-10","2016-10-16",7,2016,41,17888474,1303,0,"TBC"
"Ecuador","Ecuador",0,"2016-10-17","2016-10-23",7,2016,42,17888474,1226,0,"TBC"
"Ecuador","Ecuador",0,"2016-10-24","2016-10-30",7,2016,43,17888474,1270,0,"TBC"
"Ecuador","Ecuador",0,"2016-10-31","2016-11-06",7,2016,44,17888474,1282,0,"TBC"
"Ecuador","Ecuador",0,"2016-11-07","2016-11-13",7,2016,45,17888474,1395,0,"TBC"
"Ecuador","Ecuador",0,"2016-11-14","2016-11-20",7,2016,46,17888474,1303,0,"TBC"
"Ecuador","Ecuador",0,"2016-11-21","2016-11-27",7,2016,47,17888474,1242,0,"TBC"
"Ecuador","Ecuador",0,"2016-11-28","2016-12-04",7,2016,48,17888474,1232,0,"TBC"
"Ecuador","Ecuador",0,"2016-12-05","2016-12-11",7,2016,49,17888474,1295,0,"TBC"
"Ecuador","Ecuador",0,"2016-12-12","2016-12-18",7,2016,50,17888474,1267,0,"TBC"
"Ecuador","Ecuador",0,"2016-12-19","2016-12-25",7,2016,51,17888474,1370,0,"TBC"
"Ecuador","Ecuador",0,"2016-12-26","2017-01-01",7,2016,52,17888474,1447,0,"TBC"
"Ecuador","Ecuador",0,"2017-01-02","2017-01-08",7,2017,1,17888474,1351,0,"TBC"
"Ecuador","Ecuador",0,"2017-01-09","2017-01-15",7,2017,2,17888474,1426,0,"TBC"
"Ecuador","Ecuador",0,"2017-01-16","2017-01-22",7,2017,3,17888474,1359,0,"TBC"
"Ecuador","Ecuador",0,"2017-01-23","2017-01-29",7,2017,4,17888474,1303,0,"TBC"
"Ecuador","Ecuador",0,"2017-01-30","2017-02-05",7,2017,5,17888474,1364,0,"TBC"
"Ecuador","Ecuador",0,"2017-02-06","2017-02-12",7,2017,6,17888474,1423,0,"TBC"
"Ecuador","Ecuador",0,"2017-02-13","2017-02-19",7,2017,7,17888474,1400,0,"TBC"
"Ecuador","Ecuador",0,"2017-02-20","2017-02-26",7,2017,8,17888474,1473,0,"TBC"
"Ecuador","Ecuador",0,"2017-02-27","2017-03-05",7,2017,9,17888474,1497,0,"TBC"
"Ecuador","Ecuador",0,"2017-03-06","2017-03-12",7,2017,10,17888474,1527,0,"TBC"
"Ecuador","Ecuador",0,"2017-03-13","2017-03-19",7,2017,11,17888474,1500,0,"TBC"
"Ecuador","Ecuador",0,"2017-03-20","2017-03-26",7,2017,12,17888474,1491,0,"TBC"
"Ecuador","Ecuador",0,"2017-03-27","2017-04-02",7,2017,13,17888474,1477,0,"TBC"
"Ecuador","Ecuador",0,"2017-04-03","2017-04-09",7,2017,14,17888474,1441,0,"TBC"
"Ecuador","Ecuador",0,"2017-04-10","2017-04-16",7,2017,15,17888474,1411,0,"TBC"
"Ecuador","Ecuador",0,"2017-04-17","2017-04-23",7,2017,16,17888474,1454,0,"TBC"
"Ecuador","Ecuador",0,"2017-04-24","2017-04-30",7,2017,17,17888474,1321,0,"TBC"
"Ecuador","Ecuador",0,"2017-05-01","2017-05-07",7,2017,18,17888474,1363,0,"TBC"
"Ecuador","Ecuador",0,"2017-05-08","2017-05-14",7,2017,19,17888474,1394,0,"TBC"
"Ecuador","Ecuador",0,"2017-05-15","2017-05-21",7,2017,20,17888474,1352,0,"TBC"
"Ecuador","Ecuador",0,"2017-05-22","2017-05-28",7,2017,21,17888474,1357,0,"TBC"
"Ecuador","Ecuador",0,"2017-05-29","2017-06-04",7,2017,22,17888474,1362,0,"TBC"
"Ecuador","Ecuador",0,"2017-06-05","2017-06-11",7,2017,23,17888474,1364,0,"TBC"
"Ecuador","Ecuador",0,"2017-06-12","2017-06-18",7,2017,24,17888474,1344,0,"TBC"
"Ecuador","Ecuador",0,"2017-06-19","2017-06-25",7,2017,25,17888474,1306,0,"TBC"
"Ecuador","Ecuador",0,"2017-06-26","2017-07-02",7,2017,26,17888474,1342,0,"TBC"
"Ecuador","Ecuador",0,"2017-07-03","2017-07-09",7,2017,27,17888474,1313,0,"TBC"
"Ecuador","Ecuador",0,"2017-07-10","2017-07-16",7,2017,28,17888474,1379,0,"TBC"
"Ecuador","Ecuador",0,"2017-07-17","2017-07-23",7,2017,29,17888474,1317,0,"TBC"
"Ecuador","Ecuador",0,"2017-07-24","2017-07-30",7,2017,30,17888474,1312,0,"TBC"
"Ecuador","Ecuador",0,"2017-07-31","2017-08-06",7,2017,31,17888474,1386,0,"TBC"
"Ecuador","Ecuador",0,"2017-08-07","2017-08-13",7,2017,32,17888474,1262,0,"TBC"
"Ecuador","Ecuador",0,"2017-08-14","2017-08-20",7,2017,33,17888474,1306,0,"TBC"
"Ecuador","Ecuador",0,"2017-08-21","2017-08-27",7,2017,34,17888474,1222,0,"TBC"
"Ecuador","Ecuador",0,"2017-08-28","2017-09-03",7,2017,35,17888474,1294,0,"TBC"
"Ecuador","Ecuador",0,"2017-09-04","2017-09-10",7,2017,36,17888474,1258,0,"TBC"
"Ecuador","Ecuador",0,"2017-09-11","2017-09-17",7,2017,37,17888474,1227,0,"TBC"
"Ecuador","Ecuador",0,"2017-09-18","2017-09-24",7,2017,38,17888474,1259,0,"TBC"
"Ecuador","Ecuador",0,"2017-09-25","2017-10-01",7,2017,39,17888474,1230,0,"TBC"
"Ecuador","Ecuador",0,"2017-10-02","2017-10-08",7,2017,40,17888474,1310,0,"TBC"
"Ecuador","Ecuador",0,"2017-10-09","2017-10-15",7,2017,41,17888474,1220,0,"TBC"
"Ecuador","Ecuador",0,"2017-10-16","2017-10-22",7,2017,42,17888474,1293,0,"TBC"
"Ecuador","Ecuador",0,"2017-10-23","2017-10-29",7,2017,43,17888474,1285,0,"TBC"
"Ecuador","Ecuador",0,"2017-10-30","2017-11-05",7,2017,44,17888474,1319,0,"TBC"
"Ecuador","Ecuador",0,"2017-11-06","2017-11-12",7,2017,45,17888474,1309,0,"TBC"
"Ecuador","Ecuador",0,"2017-11-13","2017-11-19",7,2017,46,17888474,1288,0,"TBC"
"Ecuador","Ecuador",0,"2017-11-20","2017-11-26",7,2017,47,17888474,1261,0,"TBC"
"Ecuador","Ecuador",0,"2017-11-27","2017-12-03",7,2017,48,17888474,1325,0,"TBC"
"Ecuador","Ecuador",0,"2017-12-04","2017-12-10",7,2017,49,17888474,1329,0,"TBC"
"Ecuador","Ecuador",0,"2017-12-11","2017-12-17",7,2017,50,17888474,1260,0,"TBC"
"Ecuador","Ecuador",0,"2017-12-18","2017-12-24",7,2017,51,17888474,1341,0,"TBC"
"Ecuador","Ecuador",0,"2017-12-25","2017-12-31",7,2017,52,17888474,1342,0,"TBC"
"Ecuador","Ecuador",0,"2018-01-01","2018-01-07",7,2018,1,17888474,1502,0,"TBC"
"Ecuador","Ecuador",0,"2018-01-08","2018-01-14",7,2018,2,17888474,1496,0,"TBC"
"Ecuador","Ecuador",0,"2018-01-15","2018-01-21",7,2018,3,17888474,1492,0,"TBC"
"Ecuador","Ecuador",0,"2018-01-22","2018-01-28",7,2018,4,17888474,1581,0,"TBC"
"Ecuador","Ecuador",0,"2018-01-29","2018-02-04",7,2018,5,17888474,1418,0,"TBC"
"Ecuador","Ecuador",0,"2018-02-05","2018-02-11",7,2018,6,17888474,1395,0,"TBC"
"Ecuador","Ecuador",0,"2018-02-12","2018-02-18",7,2018,7,17888474,1502,0,"TBC"
"Ecuador","Ecuador",0,"2018-02-19","2018-02-25",7,2018,8,17888474,1451,0,"TBC"
"Ecuador","Ecuador",0,"2018-02-26","2018-03-04",7,2018,9,17888474,1413,0,"TBC"
"Ecuador","Ecuador",0,"2018-03-05","2018-03-11",7,2018,10,17888474,1432,0,"TBC"
"Ecuador","Ecuador",0,"2018-03-12","2018-03-18",7,2018,11,17888474,1399,0,"TBC"
"Ecuador","Ecuador",0,"2018-03-19","2018-03-25",7,2018,12,17888474,1283,0,"TBC"
"Ecuador","Ecuador",0,"2018-03-26","2018-04-01",7,2018,13,17888474,1330,0,"TBC"
"Ecuador","Ecuador",0,"2018-04-02","2018-04-08",7,2018,14,17888474,1383,0,"TBC"
"Ecuador","Ecuador",0,"2018-04-09","2018-04-15",7,2018,15,17888474,1369,0,"TBC"
"Ecuador","Ecuador",0,"2018-04-16","2018-04-22",7,2018,16,17888474,1334,0,"TBC"
"Ecuador","Ecuador",0,"2018-04-23","2018-04-29",7,2018,17,17888474,1316,0,"TBC"
"Ecuador","Ecuador",0,"2018-04-30","2018-05-06",7,2018,18,17888474,1356,0,"TBC"
"Ecuador","Ecuador",0,"2018-05-07","2018-05-13",7,2018,19,17888474,1274,0,"TBC"
"Ecuador","Ecuador",0,"2018-05-14","2018-05-20",7,2018,20,17888474,1429,0,"TBC"
"Ecuador","Ecuador",0,"2018-05-21","2018-05-27",7,2018,21,17888474,1286,0,"TBC"
"Ecuador","Ecuador",0,"2018-05-28","2018-06-03",7,2018,22,17888474,1248,0,"TBC"
"Ecuador","Ecuador",0,"2018-06-04","2018-06-10",7,2018,23,17888474,1370,0,"TBC"
"Ecuador","Ecuador",0,"2018-06-11","2018-06-17",7,2018,24,17888474,1357,0,"TBC"
"Ecuador","Ecuador",0,"2018-06-18","2018-06-24",7,2018,25,17888474,1309,0,"TBC"
"Ecuador","Ecuador",0,"2018-06-25","2018-07-01",7,2018,26,17888474,1388,0,"TBC"
"Ecuador","Ecuador",0,"2018-07-02","2018-07-08",7,2018,27,17888474,1415,0,"TBC"
"Ecuador","Ecuador",0,"2018-07-09","2018-07-15",7,2018,28,17888474,1368,0,"TBC"
"Ecuador","Ecuador",0,"2018-07-16","2018-07-22",7,2018,29,17888474,1324,0,"TBC"
"Ecuador","Ecuador",0,"2018-07-23","2018-07-29",7,2018,30,17888474,1283,0,"TBC"
"Ecuador","Ecuador",0,"2018-07-30","2018-08-05",7,2018,31,17888474,1376,0,"TBC"
"Ecuador","Ecuador",0,"2018-08-06","2018-08-12",7,2018,32,17888474,1355,0,"TBC"
"Ecuador","Ecuador",0,"2018-08-13","2018-08-19",7,2018,33,17888474,1440,0,"TBC"
"Ecuador","Ecuador",0,"2018-08-20","2018-08-26",7,2018,34,17888474,1318,0,"TBC"
"Ecuador","Ecuador",0,"2018-08-27","2018-09-02",7,2018,35,17888474,1444,0,"TBC"
"Ecuador","Ecuador",0,"2018-09-03","2018-09-09",7,2018,36,17888474,1361,0,"TBC"
"Ecuador","Ecuador",0,"2018-09-10","2018-09-16",7,2018,37,17888474,1373,0,"TBC"
"Ecuador","Ecuador",0,"2018-09-17","2018-09-23",7,2018,38,17888474,1296,0,"TBC"
"Ecuador","Ecuador",0,"2018-09-24","2018-09-30",7,2018,39,17888474,1352,0,"TBC"
"Ecuador","Ecuador",0,"2018-10-01","2018-10-07",7,2018,40,17888474,1403,0,"TBC"
"Ecuador","Ecuador",0,"2018-10-08","2018-10-14",7,2018,41,17888474,1315,0,"TBC"
"Ecuador","Ecuador",0,"2018-10-15","2018-10-21",7,2018,42,17888474,1326,0,"TBC"
"Ecuador","Ecuador",0,"2018-10-22","2018-10-28",7,2018,43,17888474,1311,0,"TBC"
"Ecuador","Ecuador",0,"2018-10-29","2018-11-04",7,2018,44,17888474,1370,0,"TBC"
"Ecuador","Ecuador",0,"2018-11-05","2018-11-11",7,2018,45,17888474,1394,0,"TBC"
"Ecuador","Ecuador",0,"2018-11-12","2018-11-18",7,2018,46,17888474,1337,0,"TBC"
"Ecuador","Ecuador",0,"2018-11-19","2018-11-25",7,2018,47,17888474,1344,0,"TBC"
"Ecuador","Ecuador",0,"2018-11-26","2018-12-02",7,2018,48,17888474,1331,0,"TBC"
"Ecuador","Ecuador",0,"2018-12-03","2018-12-09",7,2018,49,17888474,1380,0,"TBC"
"Ecuador","Ecuador",0,"2018-12-10","2018-12-16",7,2018,50,17888474,1447,0,"TBC"
"Ecuador","Ecuador",0,"2018-12-17","2018-12-23",7,2018,51,17888474,1492,0,"TBC"
"Ecuador","Ecuador",0,"2018-12-24","2018-12-30",7,2018,52,17888474,1501,0,"TBC"
"Ecuador","Ecuador",0,"2018-12-31","2019-01-06",7,2019,1,17888474,1540,0,"TBC"
"Ecuador","Ecuador",0,"2019-01-07","2019-01-13",7,2019,2,17888474,1534,0,"TBC"
"Ecuador","Ecuador",0,"2019-01-14","2019-01-20",7,2019,3,17888474,1499,0,"TBC"
"Ecuador","Ecuador",0,"2019-01-21","2019-01-27",7,2019,4,17888474,1528,0,"TBC"
"Ecuador","Ecuador",0,"2019-01-28","2019-02-03",7,2019,5,17888474,1478,0,"TBC"
"Ecuador","Ecuador",0,"2019-02-04","2019-02-10",7,2019,6,17888474,1529,0,"TBC"
"Ecuador","Ecuador",0,"2019-02-11","2019-02-17",7,2019,7,17888474,1475,0,"TBC"
"Ecuador","Ecuador",0,"2019-02-18","2019-02-24",7,2019,8,17888474,1441,0,"TBC"
"Ecuador","Ecuador",0,"2019-02-25","2019-03-03",7,2019,9,17888474,1467,0,"TBC"
"Ecuador","Ecuador",0,"2019-03-04","2019-03-10",7,2019,10,17888474,1513,0,"TBC"
"Ecuador","Ecuador",0,"2019-03-11","2019-03-17",7,2019,11,17888474,1505,0,"TBC"
"Ecuador","Ecuador",0,"2019-03-18","2019-03-24",7,2019,12,17888474,1480,0,"TBC"
"Ecuador","Ecuador",0,"2019-03-25","2019-03-31",7,2019,13,17888474,1430,0,"TBC"
"Ecuador","Ecuador",0,"2019-04-01","2019-04-07",7,2019,14,17888474,1465,0,"TBC"
"Ecuador","Ecuador",0,"2019-04-08","2019-04-14",7,2019,15,17888474,1389,0,"TBC"
"Ecuador","Ecuador",0,"2019-04-15","2019-04-21",7,2019,16,17888474,1417,0,"TBC"
"Ecuador","Ecuador",0,"2019-04-22","2019-04-28",7,2019,17,17888474,1450,0,"TBC"
"Ecuador","Ecuador",0,"2019-04-29","2019-05-05",7,2019,18,17888474,1414,0,"TBC"
"Ecuador","Ecuador",0,"2019-05-06","2019-05-12",7,2019,19,17888474,1315,0,"TBC"
"Ecuador","Ecuador",0,"2019-05-13","2019-05-19",7,2019,20,17888474,1355,0,"TBC"
"Ecuador","Ecuador",0,"2019-05-20","2019-05-26",7,2019,21,17888474,1349,0,"TBC"
"Ecuador","Ecuador",0,"2019-05-27","2019-06-02",7,2019,22,17888474,1370,0,"TBC"
"Ecuador","Ecuador",0,"2019-06-03","2019-06-09",7,2019,23,17888474,1350,0,"TBC"
"Ecuador","Ecuador",0,"2019-06-10","2019-06-16",7,2019,24,17888474,1374,0,"TBC"
"Ecuador","Ecuador",0,"2019-06-17","2019-06-23",7,2019,25,17888474,1385,0,"TBC"
"Ecuador","Ecuador",0,"2019-06-24","2019-06-30",7,2019,26,17888474,1377,0,"TBC"
"Ecuador","Ecuador",0,"2019-07-01","2019-07-07",7,2019,27,17888474,1441,0,"TBC"
"Ecuador","Ecuador",0,"2019-07-08","2019-07-14",7,2019,28,17888474,1308,0,"TBC"
"Ecuador","Ecuador",0,"2019-07-15","2019-07-21",7,2019,29,17888474,1404,0,"TBC"
"Ecuador","Ecuador",0,"2019-07-22","2019-07-28",7,2019,30,17888474,1365,0,"TBC"
"Ecuador","Ecuador",0,"2019-07-29","2019-08-04",7,2019,31,17888474,1372,0,"TBC"
"Ecuador","Ecuador",0,"2019-08-05","2019-08-11",7,2019,32,17888474,1407,0,"TBC"
"Ecuador","Ecuador",0,"2019-08-12","2019-08-18",7,2019,33,17888474,1436,0,"TBC"
"Ecuador","Ecuador",0,"2019-08-19","2019-08-25",7,2019,34,17888474,1399,0,"TBC"
"Ecuador","Ecuador",0,"2019-08-26","2019-09-01",7,2019,35,17888474,1444,0,"TBC"
"Ecuador","Ecuador",0,"2019-09-02","2019-09-08",7,2019,36,17888474,1497,0,"TBC"
"Ecuador","Ecuador",0,"2019-09-09","2019-09-15",7,2019,37,17888474,1447,0,"TBC"
"Ecuador","Ecuador",0,"2019-09-16","2019-09-22",7,2019,38,17888474,1402,0,"TBC"
"Ecuador","Ecuador",0,"2019-09-23","2019-09-29",7,2019,39,17888474,1398,0,"TBC"
"Ecuador","Ecuador",0,"2019-09-30","2019-10-06",7,2019,40,17888474,1325,0,"TBC"
"Ecuador","Ecuador",0,"2019-10-07","2019-10-13",7,2019,41,17888474,1349,0,"TBC"
"Ecuador","Ecuador",0,"2019-10-14","2019-10-20",7,2019,42,17888474,1371,0,"TBC"
"Ecuador","Ecuador",0,"2019-10-21","2019-10-27",7,2019,43,17888474,1306,0,"TBC"
"Ecuador","Ecuador",0,"2019-10-28","2019-11-03",7,2019,44,17888474,1426,0,"TBC"
"Ecuador","Ecuador",0,"2019-11-04","2019-11-10",7,2019,45,17888474,1432,0,"TBC"
"Ecuador","Ecuador",0,"2019-11-11","2019-11-17",7,2019,46,17888474,1384,0,"TBC"
"Ecuador","Ecuador",0,"2019-11-18","2019-11-24",7,2019,47,17888474,1441,0,"TBC"
"Ecuador","Ecuador",0,"2019-11-25","2019-12-01",7,2019,48,17888474,1381,0,"TBC"
"Ecuador","Ecuador",0,"2019-12-02","2019-12-08",7,2019,49,17888474,1350,0,"TBC"
"Ecuador","Ecuador",0,"2019-12-09","2019-12-15",7,2019,50,17888474,1479,0,"TBC"
"Ecuador","Ecuador",0,"2019-12-16","2019-12-22",7,2019,51,17888474,1359,0,"TBC"
"Ecuador","Ecuador",0,"2019-12-23","2019-12-29",7,2019,52,17888474,1127,0,"TBC"
"Ecuador","Ecuador",0,"2019-12-30","2020-01-05",7,2020,1,17888474,1369,0,"TBC"
"Ecuador","Ecuador",0,"2020-01-06","2020-01-12",7,2020,2,17888474,1566,0,"TBC"
"Ecuador","Ecuador",0,"2020-01-13","2020-01-19",7,2020,3,17888474,1517,0,"TBC"
"Ecuador","Ecuador",0,"2020-01-20","2020-01-26",7,2020,4,17888474,1461,0,"TBC"
"Ecuador","Ecuador",0,"2020-01-27","2020-02-02",7,2020,5,17888474,1360,0,"TBC"
"Ecuador","Ecuador",0,"2020-02-03","2020-02-09",7,2020,6,17888474,1427,0,"TBC"
"Ecuador","Ecuador",0,"2020-02-10","2020-02-16",7,2020,7,17888474,1504,0,"TBC"
"Ecuador","Ecuador",0,"2020-02-17","2020-02-23",7,2020,8,17888474,1477,0,"TBC"
"Ecuador","Ecuador",0,"2020-02-24","2020-03-01",7,2020,9,17888474,1540,0,"TBC"
"Ecuador","Ecuador",0,"2020-03-02","2020-03-08",7,2020,10,17888474,1439,0,"TBC"
"Ecuador","Ecuador",0,"2020-03-09","2020-03-15",7,2020,11,17888474,1470,2,"TBC"
"Ecuador","Ecuador",0,"2020-03-16","2020-03-22",7,2020,12,17888474,1520,12,"TBC"
"Ecuador","Ecuador",0,"2020-03-23","2020-03-29",7,2020,13,17888474,3754,44,"TBC"
"Ecuador","Ecuador",0,"2020-03-30","2020-04-05",7,2020,14,17888474,7209,122,"TBC"
"Ecuador","Ecuador",0,"2020-04-06","2020-04-12",7,2020,15,17888474,6386,153,"TBC"
"Ecuador","Ecuador",0,"2020-04-13","2020-04-19",7,2020,16,17888474,4467,141,"TBC"
"Ecuador","Ecuador",0,"2020-04-20","2020-04-26",7,2020,17,17888474,3476,102,"TBC"
"Ecuador","Ecuador",0,"2020-04-27","2020-05-03",7,2020,18,17888474,2828,988,"TBC"
"Ecuador","Ecuador",0,"2020-05-04","2020-05-10",7,2020,19,17888474,2606,563,"TBC"
"Ecuador","Ecuador",0,"2020-05-11","2020-05-17",7,2020,20,17888474,2302,609,"TBC"
"Ecuador","Ecuador",0,"2020-05-18","2020-05-24",7,2020,21,17888474,2141,372,"TBC"
"Ecuador","Ecuador",0,"2020-05-25","2020-05-31",7,2020,22,17888474,2113,250,"TBC"
"Ecuador","Ecuador",0,"2020-06-01","2020-06-07",7,2020,23,17888474,2078,263,"TBC"
"Ecuador","Ecuador",0,"2020-06-08","2020-06-14",7,2020,24,17888474,2174,275,"TBC"
"Ecuador","Ecuador",0,"2020-06-15","2020-06-21",7,2020,25,17888474,2139,327,"TBC"
"Ecuador","Ecuador",0,"2020-06-22","2020-06-28",7,2020,26,17888474,2134,206,"TBC"
"Ecuador","Ecuador",0,"2020-06-29","2020-07-05",7,2020,27,17888474,2238,352,"TBC"
"Ecuador","Ecuador",0,"2020-07-06","2020-07-12",7,2020,28,17888474,2425,266,"TBC"
"Ecuador","Ecuador",0,"2020-07-13","2020-07-19",7,2020,29,17888474,2529,266,"TBC"
"Ecuador","Ecuador",0,"2020-07-20","2020-07-26",7,2020,30,17888474,2563,202,"TBC"
"Ecuador","Ecuador",0,"2020-07-27","2020-08-02",7,2020,31,17888474,2538,221,"TBC"
"Ecuador","Ecuador",0,"2020-08-03","2020-08-09",7,2020,32,17888474,2475,186,"TBC"
"Ecuador","Ecuador",0,"2020-08-10","2020-08-16",7,2020,33,17888474,2372,148,"TBC"
"Ecuador","Ecuador",0,"2020-08-17","2020-08-23",7,2020,34,17888474,2194,240,"TBC"
"Ecuador","Ecuador",0,"2020-08-24","2020-08-30",7,2020,35,17888474,2076,245,"TBC"
"Ecuador","Ecuador",0,"2020-08-31","2020-09-06",7,2020,36,17888474,2067,169,"TBC"
"Ecuador","Ecuador",0,"2020-09-07","2020-09-13",7,2020,37,17888474,1944,327,"TBC"
"Ecuador","Ecuador",0,"2020-09-14","2020-09-20",7,2020,38,17888474,1878,187,"TBC"
"Ecuador","Ecuador",0,"2020-09-21","2020-09-27",7,2020,39,17888474,1782,189,"TBC"
"Ecuador","Ecuador",0,"2020-09-28","2020-10-04",7,2020,40,17888474,1699,368,"TBC"
"Ecuador","Ecuador",0,"2020-10-05","2020-10-11",7,2020,41,17888474,1826,544,"TBC"
"Ecuador","Ecuador",0,"2020-10-12","2020-10-18",7,2020,42,17888474,1713,196,"TBC"
"Ecuador","Ecuador",0,"2020-10-19","2020-10-25",7,2020,43,17888474,1756,166,"TBC"
"Ecuador","Ecuador",0,"2020-10-26","2020-11-01",7,2020,44,17888474,1680,131,"TBC"
"Ecuador","Ecuador",0,"2020-11-02","2020-11-08",7,2020,45,17888474,1670,146,"TBC"
"Ecuador","Ecuador",0,"2020-11-09","2020-11-15",7,2020,46,17888474,1760,178,"TBC"
"Ecuador","Ecuador",0,"2020-11-16","2020-11-22",7,2020,47,17888474,1808,193,"TBC"
"Ecuador","Ecuador",0,"2020-11-23","2020-11-29",7,2020,48,17888474,1710,222,"TBC"
"Ecuador","Ecuador",0,"2020-11-30","2020-12-06",7,2020,49,17888474,1792,355,"TBC"
"Ecuador","Ecuador",0,"2020-12-07","2020-12-13",7,2020,50,17888474,1661,97,"TBC"
"Ecuador","Ecuador",0,"2020-12-14","2020-12-20",7,2020,51,17888474,1777,73,"TBC"
"Ecuador","Ecuador",0,"2020-12-21","2020-12-27",7,2020,52,17888474,1777,44,"TBC"
"Ecuador","Ecuador",0,"2020-12-28","2021-01-03",7,2020,53,17888474,1911,67,"TBC"
"Ecuador","Ecuador",0,"2021-01-04","2021-01-10",7,2021,1,17888474,2003,118,"TBC"
"Ecuador","Ecuador",0,"2021-01-11","2021-01-17",7,2021,2,17888474,2194,142,"TBC"
"Ecuador","Ecuador",0,"2021-01-18","2021-01-24",7,2021,3,17888474,2338,304,"TBC"
"Ecuador","Ecuador",0,"2021-01-25","2021-01-31",7,2021,4,17888474,2203,236,"TBC"
"Ecuador","Ecuador",0,"2021-02-01","2021-02-07",7,2021,5,17888474,2232,153,"TBC"
"Ecuador","Ecuador",0,"2021-02-08","2021-02-14",7,2021,6,17888474,2212,309,"TBC"
"Ecuador","Ecuador",0,"2021-02-15","2021-02-21",7,2021,7,17888474,2251,215,"TBC"
"Ecuador","Ecuador",0,"2021-02-22","2021-02-28",7,2021,8,17888474,2275,275,"TBC"
"Ecuador","Ecuador",0,"2021-03-01","2021-03-07",7,2021,9,17888474,2217,228,"TBC"
"Ecuador","Ecuador",0,"2021-03-08","2021-03-14",7,2021,10,17888474,2420,197,"TBC"
"Ecuador","Ecuador",0,"2021-03-15","2021-03-21",7,2021,11,17888474,2629,215,"TBC"
"Ecuador","Ecuador",0,"2021-03-22","2021-03-28",7,2021,12,17888474,2708,287,"TBC"
"Ecuador","Ecuador",0,"2021-03-29","2021-04-04",7,2021,13,17888474,2850,218,"TBC"
"Ecuador","Ecuador",0,"2021-04-05","2021-04-11",7,2021,14,17888474,3044,337,"TBC"
"Ecuador","Ecuador",0,"2021-04-12","2021-04-18",7,2021,15,17888474,3137,410,"TBC"
"Ecuador","Ecuador",0,"2021-04-19","2021-04-25",7,2021,16,17888474,3260,474,"TBC"
"Ecuador","Ecuador",0,"2021-04-26","2021-05-02",7,2021,17,17888474,3083,563,"TBC"
"Ecuador","Ecuador",0,"2021-05-03","2021-05-09",7,2021,18,17888474,2893,482,"TBC"
"Ecuador","Ecuador",0,"2021-05-10","2021-05-16",7,2021,19,17888474,2574,477,"TBC"
"Ecuador","Ecuador",0,"2021-05-17","2021-05-23",7,2021,20,17888474,2379,494,"TBC"
"Ecuador","Ecuador",0,"2021-05-24","2021-05-30",7,2021,21,17888474,2182,352,"TBC"
"Ecuador","Ecuador",0,"2021-05-31","2021-06-06",7,2021,22,17888474,1989,264,"TBC"
"Ecuador","Ecuador",0,"2021-06-07","2021-06-13",7,2021,23,17888474,1974,239,"TBC"
"Ecuador","Ecuador",0,"2021-06-14","2021-06-20",7,2021,24,17888474,1931,245,"TBC"
"Ecuador","Ecuador",0,"2021-06-21","2021-06-27",7,2021,25,17888474,1909,230,"TBC"
"Ecuador","Ecuador",0,"2021-06-28","2021-07-04",7,2021,26,17888474,1827,137,"TBC"
"Ecuador","Ecuador",0,"2021-07-05","2021-07-11",7,2021,27,17888474,1880,170,"TBC"
"Ecuador","Ecuador",0,"2021-07-12","2021-07-18",7,2021,28,17888474,1810,123,"TBC"
"Ecuador","Ecuador",0,"2021-07-19","2021-07-25",7,2021,29,17888474,1740,58,"TBC"
"Ecuador","Ecuador",0,"2021-07-26","2021-08-01",7,2021,30,17888474,1767,837,"TBC"
"Ecuador","Ecuador",0,"2021-08-02","2021-08-08",7,2021,31,17888474,1617,161,"TBC"
"Ecuador","Ecuador",0,"2021-08-09","2021-08-15",7,2021,32,17888474,1581,178,"TBC"
"Ecuador","Ecuador",0,"2021-08-16","2021-08-22",7,2021,33,17888474,1546,114,"TBC"
"Ecuador","Ecuador",0,"2021-08-23","2021-08-29",7,2021,34,17888474,1612,145,"TBC"
"Ecuador","Ecuador",0,"2021-08-30","2021-09-05",7,2021,35,17888474,1566,120,"TBC"
"Ecuador","Ecuador",0,"2021-09-06","2021-09-12",7,2021,36,17888474,1524,96,"TBC"
"Ecuador","Ecuador",0,"2021-09-13","2021-09-19",7,2021,37,17888474,1540,213,"TBC"
"Ecuador","Ecuador",0,"2021-09-20","2021-09-26",7,2021,38,17888474,1496,86,"TBC"
"Ecuador","Ecuador",0,"2021-09-27","2021-10-03",7,2021,39,17888474,1602,58,"TBC"
"Ecuador","Ecuador",0,"2021-10-04","2021-10-10",7,2021,40,17888474,1492,42,"TBC"
"Ecuador","Ecuador",0,"2021-10-11","2021-10-17",7,2021,41,17888474,1544,81,"TBC"
"Ecuador","Ecuador",0,"2021-10-18","2021-10-24",7,2021,42,17888474,1470,24,"TBC"
"Ecuador","Ecuador",0,"2021-10-25","2021-10-31",7,2021,43,17888474,1466,28,"TBC"
"Ecuador","Ecuador",0,"2021-11-01","2021-11-07",7,2021,44,17888474,1461,9,"TBC"
"Ecuador","Ecuador",0,"2021-11-08","2021-11-14",7,2021,45,17888474,1577,99,"TBC"
"Ecuador","Ecuador",0,"2021-11-15","2021-11-21",7,2021,46,17888474,1595,37,"TBC"
"Ecuador","Ecuador",0,"2021-11-22","2021-11-28",7,2021,47,17888474,1583,109,"TBC"
"Ecuador","Ecuador",0,"2021-11-29","2021-12-05",7,2021,48,17888474,1516,250,"TBC"
"Ecuador","Ecuador",0,"2021-12-06","2021-12-12",7,2021,49,17888474,1629,77,"TBC"
"Ecuador","Ecuador",0,"2021-12-13","2021-12-19",7,2021,50,17888474,1634,36,"TBC"
"Ecuador","Ecuador",0,"2021-12-20","2021-12-26",7,2021,51,17888474,1715,52,"TBC"
"Ecuador","Ecuador",0,"2021-12-27","2022-01-02",7,2021,52,17888474,1773,34,"TBC"
"Ecuador","Ecuador",0,"2022-01-03","2022-01-09",7,2022,1,17888474,1919,26,"TBC"
"Ecuador","Ecuador",0,"2022-01-10","2022-01-16",7,2022,2,17888474,2258,518,"TBC"
"Ecuador","Ecuador",0,"2022-01-17","2022-01-23",7,2022,3,17888474,2604,102,"TBC"
"Ecuador","Ecuador",0,"2022-01-24","2022-01-30",7,2022,4,17888474,2473,185,"TBC"
"Ecuador","Ecuador",0,"2022-01-31","2022-02-06",7,2022,5,17888474,2325,225,"TBC"
"Ecuador","Ecuador",0,"2022-02-07","2022-02-13",7,2022,6,17888474,2005,115,"TBC"
"Ecuador","Ecuador",0,"2022-02-14","2022-02-20",7,2022,7,17888474,1750,251,"TBC"
"Ecuador","Ecuador",0,"2022-02-21","2022-02-27",7,2022,8,17888474,1507,118,"TBC"
