C-KALWOCHE-0,year,week,start_date,end_date
KALW-200001,2000,1,03/01/2000,09/01/2000
KALW-200002,2000,2,10/01/2000,16/01/2000
KALW-200003,2000,3,17/01/2000,23/01/2000
KALW-200004,2000,4,24/01/2000,30/01/2000
KALW-200005,2000,5,31/01/2000,06/02/2000
KALW-200006,2000,6,07/02/2000,13/02/2000
KALW-200007,2000,7,14/02/2000,20/02/2000
KALW-200008,2000,8,21/02/2000,27/02/2000
KALW-200009,2000,9,28/02/2000,05/03/2000
KALW-200010,2000,10,06/03/2000,12/03/2000
KALW-200011,2000,11,13/03/2000,19/03/2000
KALW-200012,2000,12,20/03/2000,26/03/2000
KALW-200013,2000,13,27/03/2000,02/04/2000
KALW-200014,2000,14,03/04/2000,09/04/2000
KALW-200015,2000,15,10/04/2000,16/04/2000
KALW-200016,2000,16,17/04/2000,23/04/2000
KALW-200017,2000,17,24/04/2000,30/04/2000
KALW-200018,2000,18,01/05/2000,07/05/2000
KALW-200019,2000,19,08/05/2000,14/05/2000
KALW-200020,2000,20,15/05/2000,21/05/2000
KALW-200021,2000,21,22/05/2000,28/05/2000
KALW-200022,2000,22,29/05/2000,04/06/2000
KALW-200023,2000,23,05/06/2000,11/06/2000
KALW-200024,2000,24,12/06/2000,18/06/2000
KALW-200025,2000,25,19/06/2000,25/06/2000
KALW-200026,2000,26,26/06/2000,02/07/2000
KALW-200027,2000,27,03/07/2000,09/07/2000
KALW-200028,2000,28,10/07/2000,16/07/2000
KALW-200029,2000,29,17/07/2000,23/07/2000
KALW-200030,2000,30,24/07/2000,30/07/2000
KALW-200031,2000,31,31/07/2000,06/08/2000
KALW-200032,2000,32,07/08/2000,13/08/2000
KALW-200033,2000,33,14/08/2000,20/08/2000
KALW-200034,2000,34,21/08/2000,27/08/2000
KALW-200035,2000,35,28/08/2000,03/09/2000
KALW-200036,2000,36,04/09/2000,10/09/2000
KALW-200037,2000,37,11/09/2000,17/09/2000
KALW-200038,2000,38,18/09/2000,24/09/2000
KALW-200039,2000,39,25/09/2000,01/10/2000
KALW-200040,2000,40,02/10/2000,08/10/2000
KALW-200041,2000,41,09/10/2000,15/10/2000
KALW-200042,2000,42,16/10/2000,22/10/2000
KALW-200043,2000,43,23/10/2000,29/10/2000
KALW-200044,2000,44,30/10/2000,05/11/2000
KALW-200045,2000,45,06/11/2000,12/11/2000
KALW-200046,2000,46,13/11/2000,19/11/2000
KALW-200047,2000,47,20/11/2000,26/11/2000
KALW-200048,2000,48,27/11/2000,03/12/2000
KALW-200049,2000,49,04/12/2000,10/12/2000
KALW-200050,2000,50,11/12/2000,17/12/2000
KALW-200051,2000,51,18/12/2000,24/12/2000
KALW-200052,2000,52,25/12/2000,31/12/2000
KALW-200101,2001,1,01/01/2001,07/01/2001
KALW-200102,2001,2,08/01/2001,14/01/2001
KALW-200103,2001,3,15/01/2001,21/01/2001
KALW-200104,2001,4,22/01/2001,28/01/2001
KALW-200105,2001,5,29/01/2001,04/02/2001
KALW-200106,2001,6,05/02/2001,11/02/2001
KALW-200107,2001,7,12/02/2001,18/02/2001
KALW-200108,2001,8,19/02/2001,25/02/2001
KALW-200109,2001,9,26/02/2001,04/03/2001
KALW-200110,2001,10,05/03/2001,11/03/2001
KALW-200111,2001,11,12/03/2001,18/03/2001
KALW-200112,2001,12,19/03/2001,25/03/2001
KALW-200113,2001,13,26/03/2001,01/04/2001
KALW-200114,2001,14,02/04/2001,08/04/2001
KALW-200115,2001,15,09/04/2001,15/04/2001
KALW-200116,2001,16,16/04/2001,22/04/2001
KALW-200117,2001,17,23/04/2001,29/04/2001
KALW-200118,2001,18,30/04/2001,06/05/2001
KALW-200119,2001,19,07/05/2001,13/05/2001
KALW-200120,2001,20,14/05/2001,20/05/2001
KALW-200121,2001,21,21/05/2001,27/05/2001
KALW-200122,2001,22,28/05/2001,03/06/2001
KALW-200123,2001,23,04/06/2001,10/06/2001
KALW-200124,2001,24,11/06/2001,17/06/2001
KALW-200125,2001,25,18/06/2001,24/06/2001
KALW-200126,2001,26,25/06/2001,01/07/2001
KALW-200127,2001,27,02/07/2001,08/07/2001
KALW-200128,2001,28,09/07/2001,15/07/2001
KALW-200129,2001,29,16/07/2001,22/07/2001
KALW-200130,2001,30,23/07/2001,29/07/2001
KALW-200131,2001,31,30/07/2001,05/08/2001
KALW-200132,2001,32,06/08/2001,12/08/2001
KALW-200133,2001,33,13/08/2001,19/08/2001
KALW-200134,2001,34,20/08/2001,26/08/2001
KALW-200135,2001,35,27/08/2001,02/09/2001
KALW-200136,2001,36,03/09/2001,09/09/2001
KALW-200137,2001,37,10/09/2001,16/09/2001
KALW-200138,2001,38,17/09/2001,23/09/2001
KALW-200139,2001,39,24/09/2001,30/09/2001
KALW-200140,2001,40,01/10/2001,07/10/2001
KALW-200141,2001,41,08/10/2001,14/10/2001
KALW-200142,2001,42,15/10/2001,21/10/2001
KALW-200143,2001,43,22/10/2001,28/10/2001
KALW-200144,2001,44,29/10/2001,04/11/2001
KALW-200145,2001,45,05/11/2001,11/11/2001
KALW-200146,2001,46,12/11/2001,18/11/2001
KALW-200147,2001,47,19/11/2001,25/11/2001
KALW-200148,2001,48,26/11/2001,02/12/2001
KALW-200149,2001,49,03/12/2001,09/12/2001
KALW-200150,2001,50,10/12/2001,16/12/2001
KALW-200151,2001,51,17/12/2001,23/12/2001
KALW-200152,2001,52,24/12/2001,30/12/2001
KALW-200201,2002,1,31/12/2001,06/01/2002
KALW-200202,2002,2,07/01/2002,13/01/2002
KALW-200203,2002,3,14/01/2002,20/01/2002
KALW-200204,2002,4,21/01/2002,27/01/2002
KALW-200205,2002,5,28/01/2002,03/02/2002
KALW-200206,2002,6,04/02/2002,10/02/2002
KALW-200207,2002,7,11/02/2002,17/02/2002
KALW-200208,2002,8,18/02/2002,24/02/2002
KALW-200209,2002,9,25/02/2002,03/03/2002
KALW-200210,2002,10,04/03/2002,10/03/2002
KALW-200211,2002,11,11/03/2002,17/03/2002
KALW-200212,2002,12,18/03/2002,24/03/2002
KALW-200213,2002,13,25/03/2002,31/03/2002
KALW-200214,2002,14,01/04/2002,07/04/2002
KALW-200215,2002,15,08/04/2002,14/04/2002
KALW-200216,2002,16,15/04/2002,21/04/2002
KALW-200217,2002,17,22/04/2002,28/04/2002
KALW-200218,2002,18,29/04/2002,05/05/2002
KALW-200219,2002,19,06/05/2002,12/05/2002
KALW-200220,2002,20,13/05/2002,19/05/2002
KALW-200221,2002,21,20/05/2002,26/05/2002
KALW-200222,2002,22,27/05/2002,02/06/2002
KALW-200223,2002,23,03/06/2002,09/06/2002
KALW-200224,2002,24,10/06/2002,16/06/2002
KALW-200225,2002,25,17/06/2002,23/06/2002
KALW-200226,2002,26,24/06/2002,30/06/2002
KALW-200227,2002,27,01/07/2002,07/07/2002
KALW-200228,2002,28,08/07/2002,14/07/2002
KALW-200229,2002,29,15/07/2002,21/07/2002
KALW-200230,2002,30,22/07/2002,28/07/2002
KALW-200231,2002,31,29/07/2002,04/08/2002
KALW-200232,2002,32,05/08/2002,11/08/2002
KALW-200233,2002,33,12/08/2002,18/08/2002
KALW-200234,2002,34,19/08/2002,25/08/2002
KALW-200235,2002,35,26/08/2002,01/09/2002
KALW-200236,2002,36,02/09/2002,08/09/2002
KALW-200237,2002,37,09/09/2002,15/09/2002
KALW-200238,2002,38,16/09/2002,22/09/2002
KALW-200239,2002,39,23/09/2002,29/09/2002
KALW-200240,2002,40,30/09/2002,06/10/2002
KALW-200241,2002,41,07/10/2002,13/10/2002
KALW-200242,2002,42,14/10/2002,20/10/2002
KALW-200243,2002,43,21/10/2002,27/10/2002
KALW-200244,2002,44,28/10/2002,03/11/2002
KALW-200245,2002,45,04/11/2002,10/11/2002
KALW-200246,2002,46,11/11/2002,17/11/2002
KALW-200247,2002,47,18/11/2002,24/11/2002
KALW-200248,2002,48,25/11/2002,01/12/2002
KALW-200249,2002,49,02/12/2002,08/12/2002
KALW-200250,2002,50,09/12/2002,15/12/2002
KALW-200251,2002,51,16/12/2002,22/12/2002
KALW-200252,2002,52,23/12/2002,29/12/2002
KALW-200301,2003,1,30/12/2002,05/01/2003
KALW-200302,2003,2,06/01/2003,12/01/2003
KALW-200303,2003,3,13/01/2003,19/01/2003
KALW-200304,2003,4,20/01/2003,26/01/2003
KALW-200305,2003,5,27/01/2003,02/02/2003
KALW-200306,2003,6,03/02/2003,09/02/2003
KALW-200307,2003,7,10/02/2003,16/02/2003
KALW-200308,2003,8,17/02/2003,23/02/2003
KALW-200309,2003,9,24/02/2003,02/03/2003
KALW-200310,2003,10,03/03/2003,09/03/2003
KALW-200311,2003,11,10/03/2003,16/03/2003
KALW-200312,2003,12,17/03/2003,23/03/2003
KALW-200313,2003,13,24/03/2003,30/03/2003
KALW-200314,2003,14,31/03/2003,06/04/2003
KALW-200315,2003,15,07/04/2003,13/04/2003
KALW-200316,2003,16,14/04/2003,20/04/2003
KALW-200317,2003,17,21/04/2003,27/04/2003
KALW-200318,2003,18,28/04/2003,04/05/2003
KALW-200319,2003,19,05/05/2003,11/05/2003
KALW-200320,2003,20,12/05/2003,18/05/2003
KALW-200321,2003,21,19/05/2003,25/05/2003
KALW-200322,2003,22,26/05/2003,01/06/2003
KALW-200323,2003,23,02/06/2003,08/06/2003
KALW-200324,2003,24,09/06/2003,15/06/2003
KALW-200325,2003,25,16/06/2003,22/06/2003
KALW-200326,2003,26,23/06/2003,29/06/2003
KALW-200327,2003,27,30/06/2003,06/07/2003
KALW-200328,2003,28,07/07/2003,13/07/2003
KALW-200329,2003,29,14/07/2003,20/07/2003
KALW-200330,2003,30,21/07/2003,27/07/2003
KALW-200331,2003,31,28/07/2003,03/08/2003
KALW-200332,2003,32,04/08/2003,10/08/2003
KALW-200333,2003,33,11/08/2003,17/08/2003
KALW-200334,2003,34,18/08/2003,24/08/2003
KALW-200335,2003,35,25/08/2003,31/08/2003
KALW-200336,2003,36,01/09/2003,07/09/2003
KALW-200337,2003,37,08/09/2003,14/09/2003
KALW-200338,2003,38,15/09/2003,21/09/2003
KALW-200339,2003,39,22/09/2003,28/09/2003
KALW-200340,2003,40,29/09/2003,05/10/2003
KALW-200341,2003,41,06/10/2003,12/10/2003
KALW-200342,2003,42,13/10/2003,19/10/2003
KALW-200343,2003,43,20/10/2003,26/10/2003
KALW-200344,2003,44,27/10/2003,02/11/2003
KALW-200345,2003,45,03/11/2003,09/11/2003
KALW-200346,2003,46,10/11/2003,16/11/2003
KALW-200347,2003,47,17/11/2003,23/11/2003
KALW-200348,2003,48,24/11/2003,30/11/2003
KALW-200349,2003,49,01/12/2003,07/12/2003
KALW-200350,2003,50,08/12/2003,14/12/2003
KALW-200351,2003,51,15/12/2003,21/12/2003
KALW-200352,2003,52,22/12/2003,28/12/2003
KALW-200401,2004,1,29/12/2003,04/01/2004
KALW-200402,2004,2,05/01/2004,11/01/2004
KALW-200403,2004,3,12/01/2004,18/01/2004
KALW-200404,2004,4,19/01/2004,25/01/2004
KALW-200405,2004,5,26/01/2004,01/02/2004
KALW-200406,2004,6,02/02/2004,08/02/2004
KALW-200407,2004,7,09/02/2004,15/02/2004
KALW-200408,2004,8,16/02/2004,22/02/2004
KALW-200409,2004,9,23/02/2004,29/02/2004
KALW-200410,2004,10,01/03/2004,07/03/2004
KALW-200411,2004,11,08/03/2004,14/03/2004
KALW-200412,2004,12,15/03/2004,21/03/2004
KALW-200413,2004,13,22/03/2004,28/03/2004
KALW-200414,2004,14,29/03/2004,04/04/2004
KALW-200415,2004,15,05/04/2004,11/04/2004
KALW-200416,2004,16,12/04/2004,18/04/2004
KALW-200417,2004,17,19/04/2004,25/04/2004
KALW-200418,2004,18,26/04/2004,02/05/2004
KALW-200419,2004,19,03/05/2004,09/05/2004
KALW-200420,2004,20,10/05/2004,16/05/2004
KALW-200421,2004,21,17/05/2004,23/05/2004
KALW-200422,2004,22,24/05/2004,30/05/2004
KALW-200423,2004,23,31/05/2004,06/06/2004
KALW-200424,2004,24,07/06/2004,13/06/2004
KALW-200425,2004,25,14/06/2004,20/06/2004
KALW-200426,2004,26,21/06/2004,27/06/2004
KALW-200427,2004,27,28/06/2004,04/07/2004
KALW-200428,2004,28,05/07/2004,11/07/2004
KALW-200429,2004,29,12/07/2004,18/07/2004
KALW-200430,2004,30,19/07/2004,25/07/2004
KALW-200431,2004,31,26/07/2004,01/08/2004
KALW-200432,2004,32,02/08/2004,08/08/2004
KALW-200433,2004,33,09/08/2004,15/08/2004
KALW-200434,2004,34,16/08/2004,22/08/2004
KALW-200435,2004,35,23/08/2004,29/08/2004
KALW-200436,2004,36,30/08/2004,05/09/2004
KALW-200437,2004,37,06/09/2004,12/09/2004
KALW-200438,2004,38,13/09/2004,19/09/2004
KALW-200439,2004,39,20/09/2004,26/09/2004
KALW-200440,2004,40,27/09/2004,03/10/2004
KALW-200441,2004,41,04/10/2004,10/10/2004
KALW-200442,2004,42,11/10/2004,17/10/2004
KALW-200443,2004,43,18/10/2004,24/10/2004
KALW-200444,2004,44,25/10/2004,31/10/2004
KALW-200445,2004,45,01/11/2004,07/11/2004
KALW-200446,2004,46,08/11/2004,14/11/2004
KALW-200447,2004,47,15/11/2004,21/11/2004
KALW-200448,2004,48,22/11/2004,28/11/2004
KALW-200449,2004,49,29/11/2004,05/12/2004
KALW-200450,2004,50,06/12/2004,12/12/2004
KALW-200451,2004,51,13/12/2004,19/12/2004
KALW-200452,2004,52,20/12/2004,26/12/2004
KALW-200453,2004,53,27/12/2004,02/01/2005
KALW-200501,2005,1,03/01/2005,09/01/2005
KALW-200502,2005,2,10/01/2005,16/01/2005
KALW-200503,2005,3,17/01/2005,23/01/2005
KALW-200504,2005,4,24/01/2005,30/01/2005
KALW-200505,2005,5,31/01/2005,06/02/2005
KALW-200506,2005,6,07/02/2005,13/02/2005
KALW-200507,2005,7,14/02/2005,20/02/2005
KALW-200508,2005,8,21/02/2005,27/02/2005
KALW-200509,2005,9,28/02/2005,06/03/2005
KALW-200510,2005,10,07/03/2005,13/03/2005
KALW-200511,2005,11,14/03/2005,20/03/2005
KALW-200512,2005,12,21/03/2005,27/03/2005
KALW-200513,2005,13,28/03/2005,03/04/2005
KALW-200514,2005,14,04/04/2005,10/04/2005
KALW-200515,2005,15,11/04/2005,17/04/2005
KALW-200516,2005,16,18/04/2005,24/04/2005
KALW-200517,2005,17,25/04/2005,01/05/2005
KALW-200518,2005,18,02/05/2005,08/05/2005
KALW-200519,2005,19,09/05/2005,15/05/2005
KALW-200520,2005,20,16/05/2005,22/05/2005
KALW-200521,2005,21,23/05/2005,29/05/2005
KALW-200522,2005,22,30/05/2005,05/06/2005
KALW-200523,2005,23,06/06/2005,12/06/2005
KALW-200524,2005,24,13/06/2005,19/06/2005
KALW-200525,2005,25,20/06/2005,26/06/2005
KALW-200526,2005,26,27/06/2005,03/07/2005
KALW-200527,2005,27,04/07/2005,10/07/2005
KALW-200528,2005,28,11/07/2005,17/07/2005
KALW-200529,2005,29,18/07/2005,24/07/2005
KALW-200530,2005,30,25/07/2005,31/07/2005
KALW-200531,2005,31,01/08/2005,07/08/2005
KALW-200532,2005,32,08/08/2005,14/08/2005
KALW-200533,2005,33,15/08/2005,21/08/2005
KALW-200534,2005,34,22/08/2005,28/08/2005
KALW-200535,2005,35,29/08/2005,04/09/2005
KALW-200536,2005,36,05/09/2005,11/09/2005
KALW-200537,2005,37,12/09/2005,18/09/2005
KALW-200538,2005,38,19/09/2005,25/09/2005
KALW-200539,2005,39,26/09/2005,02/10/2005
KALW-200540,2005,40,03/10/2005,09/10/2005
KALW-200541,2005,41,10/10/2005,16/10/2005
KALW-200542,2005,42,17/10/2005,23/10/2005
KALW-200543,2005,43,24/10/2005,30/10/2005
KALW-200544,2005,44,31/10/2005,06/11/2005
KALW-200545,2005,45,07/11/2005,13/11/2005
KALW-200546,2005,46,14/11/2005,20/11/2005
KALW-200547,2005,47,21/11/2005,27/11/2005
KALW-200548,2005,48,28/11/2005,04/12/2005
KALW-200549,2005,49,05/12/2005,11/12/2005
KALW-200550,2005,50,12/12/2005,18/12/2005
KALW-200551,2005,51,19/12/2005,25/12/2005
KALW-200552,2005,52,26/12/2005,01/01/2006
KALW-200601,2006,1,02/01/2006,08/01/2006
KALW-200602,2006,2,09/01/2006,15/01/2006
KALW-200603,2006,3,16/01/2006,22/01/2006
KALW-200604,2006,4,23/01/2006,29/01/2006
KALW-200605,2006,5,30/01/2006,05/02/2006
KALW-200606,2006,6,06/02/2006,12/02/2006
KALW-200607,2006,7,13/02/2006,19/02/2006
KALW-200608,2006,8,20/02/2006,26/02/2006
KALW-200609,2006,9,27/02/2006,05/03/2006
KALW-200610,2006,10,06/03/2006,12/03/2006
KALW-200611,2006,11,13/03/2006,19/03/2006
KALW-200612,2006,12,20/03/2006,26/03/2006
KALW-200613,2006,13,27/03/2006,02/04/2006
KALW-200614,2006,14,03/04/2006,09/04/2006
KALW-200615,2006,15,10/04/2006,16/04/2006
KALW-200616,2006,16,17/04/2006,23/04/2006
KALW-200617,2006,17,24/04/2006,30/04/2006
KALW-200618,2006,18,01/05/2006,07/05/2006
KALW-200619,2006,19,08/05/2006,14/05/2006
KALW-200620,2006,20,15/05/2006,21/05/2006
KALW-200621,2006,21,22/05/2006,28/05/2006
KALW-200622,2006,22,29/05/2006,04/06/2006
KALW-200623,2006,23,05/06/2006,11/06/2006
KALW-200624,2006,24,12/06/2006,18/06/2006
KALW-200625,2006,25,19/06/2006,25/06/2006
KALW-200626,2006,26,26/06/2006,02/07/2006
KALW-200627,2006,27,03/07/2006,09/07/2006
KALW-200628,2006,28,10/07/2006,16/07/2006
KALW-200629,2006,29,17/07/2006,23/07/2006
KALW-200630,2006,30,24/07/2006,30/07/2006
KALW-200631,2006,31,31/07/2006,06/08/2006
KALW-200632,2006,32,07/08/2006,13/08/2006
KALW-200633,2006,33,14/08/2006,20/08/2006
KALW-200634,2006,34,21/08/2006,27/08/2006
KALW-200635,2006,35,28/08/2006,03/09/2006
KALW-200636,2006,36,04/09/2006,10/09/2006
KALW-200637,2006,37,11/09/2006,17/09/2006
KALW-200638,2006,38,18/09/2006,24/09/2006
KALW-200639,2006,39,25/09/2006,01/10/2006
KALW-200640,2006,40,02/10/2006,08/10/2006
KALW-200641,2006,41,09/10/2006,15/10/2006
KALW-200642,2006,42,16/10/2006,22/10/2006
KALW-200643,2006,43,23/10/2006,29/10/2006
KALW-200644,2006,44,30/10/2006,05/11/2006
KALW-200645,2006,45,06/11/2006,12/11/2006
KALW-200646,2006,46,13/11/2006,19/11/2006
KALW-200647,2006,47,20/11/2006,26/11/2006
KALW-200648,2006,48,27/11/2006,03/12/2006
KALW-200649,2006,49,04/12/2006,10/12/2006
KALW-200650,2006,50,11/12/2006,17/12/2006
KALW-200651,2006,51,18/12/2006,24/12/2006
KALW-200652,2006,52,25/12/2006,31/12/2006
KALW-200701,2007,1,01/01/2007,07/01/2007
KALW-200702,2007,2,08/01/2007,14/01/2007
KALW-200703,2007,3,15/01/2007,21/01/2007
KALW-200704,2007,4,22/01/2007,28/01/2007
KALW-200705,2007,5,29/01/2007,04/02/2007
KALW-200706,2007,6,05/02/2007,11/02/2007
KALW-200707,2007,7,12/02/2007,18/02/2007
KALW-200708,2007,8,19/02/2007,25/02/2007
KALW-200709,2007,9,26/02/2007,04/03/2007
KALW-200710,2007,10,05/03/2007,11/03/2007
KALW-200711,2007,11,12/03/2007,18/03/2007
KALW-200712,2007,12,19/03/2007,25/03/2007
KALW-200713,2007,13,26/03/2007,01/04/2007
KALW-200714,2007,14,02/04/2007,08/04/2007
KALW-200715,2007,15,09/04/2007,15/04/2007
KALW-200716,2007,16,16/04/2007,22/04/2007
KALW-200717,2007,17,23/04/2007,29/04/2007
KALW-200718,2007,18,30/04/2007,06/05/2007
KALW-200719,2007,19,07/05/2007,13/05/2007
KALW-200720,2007,20,14/05/2007,20/05/2007
KALW-200721,2007,21,21/05/2007,27/05/2007
KALW-200722,2007,22,28/05/2007,03/06/2007
KALW-200723,2007,23,04/06/2007,10/06/2007
KALW-200724,2007,24,11/06/2007,17/06/2007
KALW-200725,2007,25,18/06/2007,24/06/2007
KALW-200726,2007,26,25/06/2007,01/07/2007
KALW-200727,2007,27,02/07/2007,08/07/2007
KALW-200728,2007,28,09/07/2007,15/07/2007
KALW-200729,2007,29,16/07/2007,22/07/2007
KALW-200730,2007,30,23/07/2007,29/07/2007
KALW-200731,2007,31,30/07/2007,05/08/2007
KALW-200732,2007,32,06/08/2007,12/08/2007
KALW-200733,2007,33,13/08/2007,19/08/2007
KALW-200734,2007,34,20/08/2007,26/08/2007
KALW-200735,2007,35,27/08/2007,02/09/2007
KALW-200736,2007,36,03/09/2007,09/09/2007
KALW-200737,2007,37,10/09/2007,16/09/2007
KALW-200738,2007,38,17/09/2007,23/09/2007
KALW-200739,2007,39,24/09/2007,30/09/2007
KALW-200740,2007,40,01/10/2007,07/10/2007
KALW-200741,2007,41,08/10/2007,14/10/2007
KALW-200742,2007,42,15/10/2007,21/10/2007
KALW-200743,2007,43,22/10/2007,28/10/2007
KALW-200744,2007,44,29/10/2007,04/11/2007
KALW-200745,2007,45,05/11/2007,11/11/2007
KALW-200746,2007,46,12/11/2007,18/11/2007
KALW-200747,2007,47,19/11/2007,25/11/2007
KALW-200748,2007,48,26/11/2007,02/12/2007
KALW-200749,2007,49,03/12/2007,09/12/2007
KALW-200750,2007,50,10/12/2007,16/12/2007
KALW-200751,2007,51,17/12/2007,23/12/2007
KALW-200752,2007,52,24/12/2007,30/12/2007
KALW-200801,2008,1,31/12/2007,06/01/2008
KALW-200802,2008,2,07/01/2008,13/01/2008
KALW-200803,2008,3,14/01/2008,20/01/2008
KALW-200804,2008,4,21/01/2008,27/01/2008
KALW-200805,2008,5,28/01/2008,03/02/2008
KALW-200806,2008,6,04/02/2008,10/02/2008
KALW-200807,2008,7,11/02/2008,17/02/2008
KALW-200808,2008,8,18/02/2008,24/02/2008
KALW-200809,2008,9,25/02/2008,02/03/2008
KALW-200810,2008,10,03/03/2008,09/03/2008
KALW-200811,2008,11,10/03/2008,16/03/2008
KALW-200812,2008,12,17/03/2008,23/03/2008
KALW-200813,2008,13,24/03/2008,30/03/2008
KALW-200814,2008,14,31/03/2008,06/04/2008
KALW-200815,2008,15,07/04/2008,13/04/2008
KALW-200816,2008,16,14/04/2008,20/04/2008
KALW-200817,2008,17,21/04/2008,27/04/2008
KALW-200818,2008,18,28/04/2008,04/05/2008
KALW-200819,2008,19,05/05/2008,11/05/2008
KALW-200820,2008,20,12/05/2008,18/05/2008
KALW-200821,2008,21,19/05/2008,25/05/2008
KALW-200822,2008,22,26/05/2008,01/06/2008
KALW-200823,2008,23,02/06/2008,08/06/2008
KALW-200824,2008,24,09/06/2008,15/06/2008
KALW-200825,2008,25,16/06/2008,22/06/2008
KALW-200826,2008,26,23/06/2008,29/06/2008
KALW-200827,2008,27,30/06/2008,06/07/2008
KALW-200828,2008,28,07/07/2008,13/07/2008
KALW-200829,2008,29,14/07/2008,20/07/2008
KALW-200830,2008,30,21/07/2008,27/07/2008
KALW-200831,2008,31,28/07/2008,03/08/2008
KALW-200832,2008,32,04/08/2008,10/08/2008
KALW-200833,2008,33,11/08/2008,17/08/2008
KALW-200834,2008,34,18/08/2008,24/08/2008
KALW-200835,2008,35,25/08/2008,31/08/2008
KALW-200836,2008,36,01/09/2008,07/09/2008
KALW-200837,2008,37,08/09/2008,14/09/2008
KALW-200838,2008,38,15/09/2008,21/09/2008
KALW-200839,2008,39,22/09/2008,28/09/2008
KALW-200840,2008,40,29/09/2008,05/10/2008
KALW-200841,2008,41,06/10/2008,12/10/2008
KALW-200842,2008,42,13/10/2008,19/10/2008
KALW-200843,2008,43,20/10/2008,26/10/2008
KALW-200844,2008,44,27/10/2008,02/11/2008
KALW-200845,2008,45,03/11/2008,09/11/2008
KALW-200846,2008,46,10/11/2008,16/11/2008
KALW-200847,2008,47,17/11/2008,23/11/2008
KALW-200848,2008,48,24/11/2008,30/11/2008
KALW-200849,2008,49,01/12/2008,07/12/2008
KALW-200850,2008,50,08/12/2008,14/12/2008
KALW-200851,2008,51,15/12/2008,21/12/2008
KALW-200852,2008,52,22/12/2008,28/12/2008
KALW-200901,2009,1,29/12/2008,04/01/2009
KALW-200902,2009,2,05/01/2009,11/01/2009
KALW-200903,2009,3,12/01/2009,18/01/2009
KALW-200904,2009,4,19/01/2009,25/01/2009
KALW-200905,2009,5,26/01/2009,01/02/2009
KALW-200906,2009,6,02/02/2009,08/02/2009
KALW-200907,2009,7,09/02/2009,15/02/2009
KALW-200908,2009,8,16/02/2009,22/02/2009
KALW-200909,2009,9,23/02/2009,01/03/2009
KALW-200910,2009,10,02/03/2009,08/03/2009
KALW-200911,2009,11,09/03/2009,15/03/2009
KALW-200912,2009,12,16/03/2009,22/03/2009
KALW-200913,2009,13,23/03/2009,29/03/2009
KALW-200914,2009,14,30/03/2009,05/04/2009
KALW-200915,2009,15,06/04/2009,12/04/2009
KALW-200916,2009,16,13/04/2009,19/04/2009
KALW-200917,2009,17,20/04/2009,26/04/2009
KALW-200918,2009,18,27/04/2009,03/05/2009
KALW-200919,2009,19,04/05/2009,10/05/2009
KALW-200920,2009,20,11/05/2009,17/05/2009
KALW-200921,2009,21,18/05/2009,24/05/2009
KALW-200922,2009,22,25/05/2009,31/05/2009
KALW-200923,2009,23,01/06/2009,07/06/2009
KALW-200924,2009,24,08/06/2009,14/06/2009
KALW-200925,2009,25,15/06/2009,21/06/2009
KALW-200926,2009,26,22/06/2009,28/06/2009
KALW-200927,2009,27,29/06/2009,05/07/2009
KALW-200928,2009,28,06/07/2009,12/07/2009
KALW-200929,2009,29,13/07/2009,19/07/2009
KALW-200930,2009,30,20/07/2009,26/07/2009
KALW-200931,2009,31,27/07/2009,02/08/2009
KALW-200932,2009,32,03/08/2009,09/08/2009
KALW-200933,2009,33,10/08/2009,16/08/2009
KALW-200934,2009,34,17/08/2009,23/08/2009
KALW-200935,2009,35,24/08/2009,30/08/2009
KALW-200936,2009,36,31/08/2009,06/09/2009
KALW-200937,2009,37,07/09/2009,13/09/2009
KALW-200938,2009,38,14/09/2009,20/09/2009
KALW-200939,2009,39,21/09/2009,27/09/2009
KALW-200940,2009,40,28/09/2009,04/10/2009
KALW-200941,2009,41,05/10/2009,11/10/2009
KALW-200942,2009,42,12/10/2009,18/10/2009
KALW-200943,2009,43,19/10/2009,25/10/2009
KALW-200944,2009,44,26/10/2009,01/11/2009
KALW-200945,2009,45,02/11/2009,08/11/2009
KALW-200946,2009,46,09/11/2009,15/11/2009
KALW-200947,2009,47,16/11/2009,22/11/2009
KALW-200948,2009,48,23/11/2009,29/11/2009
KALW-200949,2009,49,30/11/2009,06/12/2009
KALW-200950,2009,50,07/12/2009,13/12/2009
KALW-200951,2009,51,14/12/2009,20/12/2009
KALW-200952,2009,52,21/12/2009,27/12/2009
KALW-200953,2009,53,28/12/2009,03/01/2010
KALW-201001,2010,1,04/01/2010,10/01/2010
KALW-201002,2010,2,11/01/2010,17/01/2010
KALW-201003,2010,3,18/01/2010,24/01/2010
KALW-201004,2010,4,25/01/2010,31/01/2010
KALW-201005,2010,5,01/02/2010,07/02/2010
KALW-201006,2010,6,08/02/2010,14/02/2010
KALW-201007,2010,7,15/02/2010,21/02/2010
KALW-201008,2010,8,22/02/2010,28/02/2010
KALW-201009,2010,9,01/03/2010,07/03/2010
KALW-201010,2010,10,08/03/2010,14/03/2010
KALW-201011,2010,11,15/03/2010,21/03/2010
KALW-201012,2010,12,22/03/2010,28/03/2010
KALW-201013,2010,13,29/03/2010,04/04/2010
KALW-201014,2010,14,05/04/2010,11/04/2010
KALW-201015,2010,15,12/04/2010,18/04/2010
KALW-201016,2010,16,19/04/2010,25/04/2010
KALW-201017,2010,17,26/04/2010,02/05/2010
KALW-201018,2010,18,03/05/2010,09/05/2010
KALW-201019,2010,19,10/05/2010,16/05/2010
KALW-201020,2010,20,17/05/2010,23/05/2010
KALW-201021,2010,21,24/05/2010,30/05/2010
KALW-201022,2010,22,31/05/2010,06/06/2010
KALW-201023,2010,23,07/06/2010,13/06/2010
KALW-201024,2010,24,14/06/2010,20/06/2010
KALW-201025,2010,25,21/06/2010,27/06/2010
KALW-201026,2010,26,28/06/2010,04/07/2010
KALW-201027,2010,27,05/07/2010,11/07/2010
KALW-201028,2010,28,12/07/2010,18/07/2010
KALW-201029,2010,29,19/07/2010,25/07/2010
KALW-201030,2010,30,26/07/2010,01/08/2010
KALW-201031,2010,31,02/08/2010,08/08/2010
KALW-201032,2010,32,09/08/2010,15/08/2010
KALW-201033,2010,33,16/08/2010,22/08/2010
KALW-201034,2010,34,23/08/2010,29/08/2010
KALW-201035,2010,35,30/08/2010,05/09/2010
KALW-201036,2010,36,06/09/2010,12/09/2010
KALW-201037,2010,37,13/09/2010,19/09/2010
KALW-201038,2010,38,20/09/2010,26/09/2010
KALW-201039,2010,39,27/09/2010,03/10/2010
KALW-201040,2010,40,04/10/2010,10/10/2010
KALW-201041,2010,41,11/10/2010,17/10/2010
KALW-201042,2010,42,18/10/2010,24/10/2010
KALW-201043,2010,43,25/10/2010,31/10/2010
KALW-201044,2010,44,01/11/2010,07/11/2010
KALW-201045,2010,45,08/11/2010,14/11/2010
KALW-201046,2010,46,15/11/2010,21/11/2010
KALW-201047,2010,47,22/11/2010,28/11/2010
KALW-201048,2010,48,29/11/2010,05/12/2010
KALW-201049,2010,49,06/12/2010,12/12/2010
KALW-201050,2010,50,13/12/2010,19/12/2010
KALW-201051,2010,51,20/12/2010,26/12/2010
KALW-201052,2010,52,27/12/2010,02/01/2011
KALW-201101,2011,1,03/01/2011,09/01/2011
KALW-201102,2011,2,10/01/2011,16/01/2011
KALW-201103,2011,3,17/01/2011,23/01/2011
KALW-201104,2011,4,24/01/2011,30/01/2011
KALW-201105,2011,5,31/01/2011,06/02/2011
KALW-201106,2011,6,07/02/2011,13/02/2011
KALW-201107,2011,7,14/02/2011,20/02/2011
KALW-201108,2011,8,21/02/2011,27/02/2011
KALW-201109,2011,9,28/02/2011,06/03/2011
KALW-201110,2011,10,07/03/2011,13/03/2011
KALW-201111,2011,11,14/03/2011,20/03/2011
KALW-201112,2011,12,21/03/2011,27/03/2011
KALW-201113,2011,13,28/03/2011,03/04/2011
KALW-201114,2011,14,04/04/2011,10/04/2011
KALW-201115,2011,15,11/04/2011,17/04/2011
KALW-201116,2011,16,18/04/2011,24/04/2011
KALW-201117,2011,17,25/04/2011,01/05/2011
KALW-201118,2011,18,02/05/2011,08/05/2011
KALW-201119,2011,19,09/05/2011,15/05/2011
KALW-201120,2011,20,16/05/2011,22/05/2011
KALW-201121,2011,21,23/05/2011,29/05/2011
KALW-201122,2011,22,30/05/2011,05/06/2011
KALW-201123,2011,23,06/06/2011,12/06/2011
KALW-201124,2011,24,13/06/2011,19/06/2011
KALW-201125,2011,25,20/06/2011,26/06/2011
KALW-201126,2011,26,27/06/2011,03/07/2011
KALW-201127,2011,27,04/07/2011,10/07/2011
KALW-201128,2011,28,11/07/2011,17/07/2011
KALW-201129,2011,29,18/07/2011,24/07/2011
KALW-201130,2011,30,25/07/2011,31/07/2011
KALW-201131,2011,31,01/08/2011,07/08/2011
KALW-201132,2011,32,08/08/2011,14/08/2011
KALW-201133,2011,33,15/08/2011,21/08/2011
KALW-201134,2011,34,22/08/2011,28/08/2011
KALW-201135,2011,35,29/08/2011,04/09/2011
KALW-201136,2011,36,05/09/2011,11/09/2011
KALW-201137,2011,37,12/09/2011,18/09/2011
KALW-201138,2011,38,19/09/2011,25/09/2011
KALW-201139,2011,39,26/09/2011,02/10/2011
KALW-201140,2011,40,03/10/2011,09/10/2011
KALW-201141,2011,41,10/10/2011,16/10/2011
KALW-201142,2011,42,17/10/2011,23/10/2011
KALW-201143,2011,43,24/10/2011,30/10/2011
KALW-201144,2011,44,31/10/2011,06/11/2011
KALW-201145,2011,45,07/11/2011,13/11/2011
KALW-201146,2011,46,14/11/2011,20/11/2011
KALW-201147,2011,47,21/11/2011,27/11/2011
KALW-201148,2011,48,28/11/2011,04/12/2011
KALW-201149,2011,49,05/12/2011,11/12/2011
KALW-201150,2011,50,12/12/2011,18/12/2011
KALW-201151,2011,51,19/12/2011,25/12/2011
KALW-201152,2011,52,26/12/2011,01/01/2012
KALW-201201,2012,1,02/01/2012,08/01/2012
KALW-201202,2012,2,09/01/2012,15/01/2012
KALW-201203,2012,3,16/01/2012,22/01/2012
KALW-201204,2012,4,23/01/2012,29/01/2012
KALW-201205,2012,5,30/01/2012,05/02/2012
KALW-201206,2012,6,06/02/2012,12/02/2012
KALW-201207,2012,7,13/02/2012,19/02/2012
KALW-201208,2012,8,20/02/2012,26/02/2012
KALW-201209,2012,9,27/02/2012,04/03/2012
KALW-201210,2012,10,05/03/2012,11/03/2012
KALW-201211,2012,11,12/03/2012,18/03/2012
KALW-201212,2012,12,19/03/2012,25/03/2012
KALW-201213,2012,13,26/03/2012,01/04/2012
KALW-201214,2012,14,02/04/2012,08/04/2012
KALW-201215,2012,15,09/04/2012,15/04/2012
KALW-201216,2012,16,16/04/2012,22/04/2012
KALW-201217,2012,17,23/04/2012,29/04/2012
KALW-201218,2012,18,30/04/2012,06/05/2012
KALW-201219,2012,19,07/05/2012,13/05/2012
KALW-201220,2012,20,14/05/2012,20/05/2012
KALW-201221,2012,21,21/05/2012,27/05/2012
KALW-201222,2012,22,28/05/2012,03/06/2012
KALW-201223,2012,23,04/06/2012,10/06/2012
KALW-201224,2012,24,11/06/2012,17/06/2012
KALW-201225,2012,25,18/06/2012,24/06/2012
KALW-201226,2012,26,25/06/2012,01/07/2012
KALW-201227,2012,27,02/07/2012,08/07/2012
KALW-201228,2012,28,09/07/2012,15/07/2012
KALW-201229,2012,29,16/07/2012,22/07/2012
KALW-201230,2012,30,23/07/2012,29/07/2012
KALW-201231,2012,31,30/07/2012,05/08/2012
KALW-201232,2012,32,06/08/2012,12/08/2012
KALW-201233,2012,33,13/08/2012,19/08/2012
KALW-201234,2012,34,20/08/2012,26/08/2012
KALW-201235,2012,35,27/08/2012,02/09/2012
KALW-201236,2012,36,03/09/2012,09/09/2012
KALW-201237,2012,37,10/09/2012,16/09/2012
KALW-201238,2012,38,17/09/2012,23/09/2012
KALW-201239,2012,39,24/09/2012,30/09/2012
KALW-201240,2012,40,01/10/2012,07/10/2012
KALW-201241,2012,41,08/10/2012,14/10/2012
KALW-201242,2012,42,15/10/2012,21/10/2012
KALW-201243,2012,43,22/10/2012,28/10/2012
KALW-201244,2012,44,29/10/2012,04/11/2012
KALW-201245,2012,45,05/11/2012,11/11/2012
KALW-201246,2012,46,12/11/2012,18/11/2012
KALW-201247,2012,47,19/11/2012,25/11/2012
KALW-201248,2012,48,26/11/2012,02/12/2012
KALW-201249,2012,49,03/12/2012,09/12/2012
KALW-201250,2012,50,10/12/2012,16/12/2012
KALW-201251,2012,51,17/12/2012,23/12/2012
KALW-201252,2012,52,24/12/2012,30/12/2012
KALW-201301,2013,1,31/12/2012,06/01/2013
KALW-201302,2013,2,07/01/2013,13/01/2013
KALW-201303,2013,3,14/01/2013,20/01/2013
KALW-201304,2013,4,21/01/2013,27/01/2013
KALW-201305,2013,5,28/01/2013,03/02/2013
KALW-201306,2013,6,04/02/2013,10/02/2013
KALW-201307,2013,7,11/02/2013,17/02/2013
KALW-201308,2013,8,18/02/2013,24/02/2013
KALW-201309,2013,9,25/02/2013,03/03/2013
KALW-201310,2013,10,04/03/2013,10/03/2013
KALW-201311,2013,11,11/03/2013,17/03/2013
KALW-201312,2013,12,18/03/2013,24/03/2013
KALW-201313,2013,13,25/03/2013,31/03/2013
KALW-201314,2013,14,01/04/2013,07/04/2013
KALW-201315,2013,15,08/04/2013,14/04/2013
KALW-201316,2013,16,15/04/2013,21/04/2013
KALW-201317,2013,17,22/04/2013,28/04/2013
KALW-201318,2013,18,29/04/2013,05/05/2013
KALW-201319,2013,19,06/05/2013,12/05/2013
KALW-201320,2013,20,13/05/2013,19/05/2013
KALW-201321,2013,21,20/05/2013,26/05/2013
KALW-201322,2013,22,27/05/2013,02/06/2013
KALW-201323,2013,23,03/06/2013,09/06/2013
KALW-201324,2013,24,10/06/2013,16/06/2013
KALW-201325,2013,25,17/06/2013,23/06/2013
KALW-201326,2013,26,24/06/2013,30/06/2013
KALW-201327,2013,27,01/07/2013,07/07/2013
KALW-201328,2013,28,08/07/2013,14/07/2013
KALW-201329,2013,29,15/07/2013,21/07/2013
KALW-201330,2013,30,22/07/2013,28/07/2013
KALW-201331,2013,31,29/07/2013,04/08/2013
KALW-201332,2013,32,05/08/2013,11/08/2013
KALW-201333,2013,33,12/08/2013,18/08/2013
KALW-201334,2013,34,19/08/2013,25/08/2013
KALW-201335,2013,35,26/08/2013,01/09/2013
KALW-201336,2013,36,02/09/2013,08/09/2013
KALW-201337,2013,37,09/09/2013,15/09/2013
KALW-201338,2013,38,16/09/2013,22/09/2013
KALW-201339,2013,39,23/09/2013,29/09/2013
KALW-201340,2013,40,30/09/2013,06/10/2013
KALW-201341,2013,41,07/10/2013,13/10/2013
KALW-201342,2013,42,14/10/2013,20/10/2013
KALW-201343,2013,43,21/10/2013,27/10/2013
KALW-201344,2013,44,28/10/2013,03/11/2013
KALW-201345,2013,45,04/11/2013,10/11/2013
KALW-201346,2013,46,11/11/2013,17/11/2013
KALW-201347,2013,47,18/11/2013,24/11/2013
KALW-201348,2013,48,25/11/2013,01/12/2013
KALW-201349,2013,49,02/12/2013,08/12/2013
KALW-201350,2013,50,09/12/2013,15/12/2013
KALW-201351,2013,51,16/12/2013,22/12/2013
KALW-201352,2013,52,23/12/2013,29/12/2013
KALW-201401,2014,1,30/12/2013,05/01/2014
KALW-201402,2014,2,06/01/2014,12/01/2014
KALW-201403,2014,3,13/01/2014,19/01/2014
KALW-201404,2014,4,20/01/2014,26/01/2014
KALW-201405,2014,5,27/01/2014,02/02/2014
KALW-201406,2014,6,03/02/2014,09/02/2014
KALW-201407,2014,7,10/02/2014,16/02/2014
KALW-201408,2014,8,17/02/2014,23/02/2014
KALW-201409,2014,9,24/02/2014,02/03/2014
KALW-201410,2014,10,03/03/2014,09/03/2014
KALW-201411,2014,11,10/03/2014,16/03/2014
KALW-201412,2014,12,17/03/2014,23/03/2014
KALW-201413,2014,13,24/03/2014,30/03/2014
KALW-201414,2014,14,31/03/2014,06/04/2014
KALW-201415,2014,15,07/04/2014,13/04/2014
KALW-201416,2014,16,14/04/2014,20/04/2014
KALW-201417,2014,17,21/04/2014,27/04/2014
KALW-201418,2014,18,28/04/2014,04/05/2014
KALW-201419,2014,19,05/05/2014,11/05/2014
KALW-201420,2014,20,12/05/2014,18/05/2014
KALW-201421,2014,21,19/05/2014,25/05/2014
KALW-201422,2014,22,26/05/2014,01/06/2014
KALW-201423,2014,23,02/06/2014,08/06/2014
KALW-201424,2014,24,09/06/2014,15/06/2014
KALW-201425,2014,25,16/06/2014,22/06/2014
KALW-201426,2014,26,23/06/2014,29/06/2014
KALW-201427,2014,27,30/06/2014,06/07/2014
KALW-201428,2014,28,07/07/2014,13/07/2014
KALW-201429,2014,29,14/07/2014,20/07/2014
KALW-201430,2014,30,21/07/2014,27/07/2014
KALW-201431,2014,31,28/07/2014,03/08/2014
KALW-201432,2014,32,04/08/2014,10/08/2014
KALW-201433,2014,33,11/08/2014,17/08/2014
KALW-201434,2014,34,18/08/2014,24/08/2014
KALW-201435,2014,35,25/08/2014,31/08/2014
KALW-201436,2014,36,01/09/2014,07/09/2014
KALW-201437,2014,37,08/09/2014,14/09/2014
KALW-201438,2014,38,15/09/2014,21/09/2014
KALW-201439,2014,39,22/09/2014,28/09/2014
KALW-201440,2014,40,29/09/2014,05/10/2014
KALW-201441,2014,41,06/10/2014,12/10/2014
KALW-201442,2014,42,13/10/2014,19/10/2014
KALW-201443,2014,43,20/10/2014,26/10/2014
KALW-201444,2014,44,27/10/2014,02/11/2014
KALW-201445,2014,45,03/11/2014,09/11/2014
KALW-201446,2014,46,10/11/2014,16/11/2014
KALW-201447,2014,47,17/11/2014,23/11/2014
KALW-201448,2014,48,24/11/2014,30/11/2014
KALW-201449,2014,49,01/12/2014,07/12/2014
KALW-201450,2014,50,08/12/2014,14/12/2014
KALW-201451,2014,51,15/12/2014,21/12/2014
KALW-201452,2014,52,22/12/2014,28/12/2014
KALW-201501,2015,1,29/12/2014,04/01/2015
KALW-201502,2015,2,05/01/2015,11/01/2015
KALW-201503,2015,3,12/01/2015,18/01/2015
KALW-201504,2015,4,19/01/2015,25/01/2015
KALW-201505,2015,5,26/01/2015,01/02/2015
KALW-201506,2015,6,02/02/2015,08/02/2015
KALW-201507,2015,7,09/02/2015,15/02/2015
KALW-201508,2015,8,16/02/2015,22/02/2015
KALW-201509,2015,9,23/02/2015,01/03/2015
KALW-201510,2015,10,02/03/2015,08/03/2015
KALW-201511,2015,11,09/03/2015,15/03/2015
KALW-201512,2015,12,16/03/2015,22/03/2015
KALW-201513,2015,13,23/03/2015,29/03/2015
KALW-201514,2015,14,30/03/2015,05/04/2015
KALW-201515,2015,15,06/04/2015,12/04/2015
KALW-201516,2015,16,13/04/2015,19/04/2015
KALW-201517,2015,17,20/04/2015,26/04/2015
KALW-201518,2015,18,27/04/2015,03/05/2015
KALW-201519,2015,19,04/05/2015,10/05/2015
KALW-201520,2015,20,11/05/2015,17/05/2015
KALW-201521,2015,21,18/05/2015,24/05/2015
KALW-201522,2015,22,25/05/2015,31/05/2015
KALW-201523,2015,23,01/06/2015,07/06/2015
KALW-201524,2015,24,08/06/2015,14/06/2015
KALW-201525,2015,25,15/06/2015,21/06/2015
KALW-201526,2015,26,22/06/2015,28/06/2015
KALW-201527,2015,27,29/06/2015,05/07/2015
KALW-201528,2015,28,06/07/2015,12/07/2015
KALW-201529,2015,29,13/07/2015,19/07/2015
KALW-201530,2015,30,20/07/2015,26/07/2015
KALW-201531,2015,31,27/07/2015,02/08/2015
KALW-201532,2015,32,03/08/2015,09/08/2015
KALW-201533,2015,33,10/08/2015,16/08/2015
KALW-201534,2015,34,17/08/2015,23/08/2015
KALW-201535,2015,35,24/08/2015,30/08/2015
KALW-201536,2015,36,31/08/2015,06/09/2015
KALW-201537,2015,37,07/09/2015,13/09/2015
KALW-201538,2015,38,14/09/2015,20/09/2015
KALW-201539,2015,39,21/09/2015,27/09/2015
KALW-201540,2015,40,28/09/2015,04/10/2015
KALW-201541,2015,41,05/10/2015,11/10/2015
KALW-201542,2015,42,12/10/2015,18/10/2015
KALW-201543,2015,43,19/10/2015,25/10/2015
KALW-201544,2015,44,26/10/2015,01/11/2015
KALW-201545,2015,45,02/11/2015,08/11/2015
KALW-201546,2015,46,09/11/2015,15/11/2015
KALW-201547,2015,47,16/11/2015,22/11/2015
KALW-201548,2015,48,23/11/2015,29/11/2015
KALW-201549,2015,49,30/11/2015,06/12/2015
KALW-201550,2015,50,07/12/2015,13/12/2015
KALW-201551,2015,51,14/12/2015,20/12/2015
KALW-201552,2015,52,21/12/2015,27/12/2015
KALW-201553,2015,53,28/12/2015,03/01/2016
KALW-201601,2016,1,04/01/2016,10/01/2016
KALW-201602,2016,2,11/01/2016,17/01/2016
KALW-201603,2016,3,18/01/2016,24/01/2016
KALW-201604,2016,4,25/01/2016,31/01/2016
KALW-201605,2016,5,01/02/2016,07/02/2016
KALW-201606,2016,6,08/02/2016,14/02/2016
KALW-201607,2016,7,15/02/2016,21/02/2016
KALW-201608,2016,8,22/02/2016,28/02/2016
KALW-201609,2016,9,29/02/2016,06/03/2016
KALW-201610,2016,10,07/03/2016,13/03/2016
KALW-201611,2016,11,14/03/2016,20/03/2016
KALW-201612,2016,12,21/03/2016,27/03/2016
KALW-201613,2016,13,28/03/2016,03/04/2016
KALW-201614,2016,14,04/04/2016,10/04/2016
KALW-201615,2016,15,11/04/2016,17/04/2016
KALW-201616,2016,16,18/04/2016,24/04/2016
KALW-201617,2016,17,25/04/2016,01/05/2016
KALW-201618,2016,18,02/05/2016,08/05/2016
KALW-201619,2016,19,09/05/2016,15/05/2016
KALW-201620,2016,20,16/05/2016,22/05/2016
KALW-201621,2016,21,23/05/2016,29/05/2016
KALW-201622,2016,22,30/05/2016,05/06/2016
KALW-201623,2016,23,06/06/2016,12/06/2016
KALW-201624,2016,24,13/06/2016,19/06/2016
KALW-201625,2016,25,20/06/2016,26/06/2016
KALW-201626,2016,26,27/06/2016,03/07/2016
KALW-201627,2016,27,04/07/2016,10/07/2016
KALW-201628,2016,28,11/07/2016,17/07/2016
KALW-201629,2016,29,18/07/2016,24/07/2016
KALW-201630,2016,30,25/07/2016,31/07/2016
KALW-201631,2016,31,01/08/2016,07/08/2016
KALW-201632,2016,32,08/08/2016,14/08/2016
KALW-201633,2016,33,15/08/2016,21/08/2016
KALW-201634,2016,34,22/08/2016,28/08/2016
KALW-201635,2016,35,29/08/2016,04/09/2016
KALW-201636,2016,36,05/09/2016,11/09/2016
KALW-201637,2016,37,12/09/2016,18/09/2016
KALW-201638,2016,38,19/09/2016,25/09/2016
KALW-201639,2016,39,26/09/2016,02/10/2016
KALW-201640,2016,40,03/10/2016,09/10/2016
KALW-201641,2016,41,10/10/2016,16/10/2016
KALW-201642,2016,42,17/10/2016,23/10/2016
KALW-201643,2016,43,24/10/2016,30/10/2016
KALW-201644,2016,44,31/10/2016,06/11/2016
KALW-201645,2016,45,07/11/2016,13/11/2016
KALW-201646,2016,46,14/11/2016,20/11/2016
KALW-201647,2016,47,21/11/2016,27/11/2016
KALW-201648,2016,48,28/11/2016,04/12/2016
KALW-201649,2016,49,05/12/2016,11/12/2016
KALW-201650,2016,50,12/12/2016,18/12/2016
KALW-201651,2016,51,19/12/2016,25/12/2016
KALW-201652,2016,52,26/12/2016,01/01/2017
KALW-201701,2017,1,02/01/2017,08/01/2017
KALW-201702,2017,2,09/01/2017,15/01/2017
KALW-201703,2017,3,16/01/2017,22/01/2017
KALW-201704,2017,4,23/01/2017,29/01/2017
KALW-201705,2017,5,30/01/2017,05/02/2017
KALW-201706,2017,6,06/02/2017,12/02/2017
KALW-201707,2017,7,13/02/2017,19/02/2017
KALW-201708,2017,8,20/02/2017,26/02/2017
KALW-201709,2017,9,27/02/2017,05/03/2017
KALW-201710,2017,10,06/03/2017,12/03/2017
KALW-201711,2017,11,13/03/2017,19/03/2017
KALW-201712,2017,12,20/03/2017,26/03/2017
KALW-201713,2017,13,27/03/2017,02/04/2017
KALW-201714,2017,14,03/04/2017,09/04/2017
KALW-201715,2017,15,10/04/2017,16/04/2017
KALW-201716,2017,16,17/04/2017,23/04/2017
KALW-201717,2017,17,24/04/2017,30/04/2017
KALW-201718,2017,18,01/05/2017,07/05/2017
KALW-201719,2017,19,08/05/2017,14/05/2017
KALW-201720,2017,20,15/05/2017,21/05/2017
KALW-201721,2017,21,22/05/2017,28/05/2017
KALW-201722,2017,22,29/05/2017,04/06/2017
KALW-201723,2017,23,05/06/2017,11/06/2017
KALW-201724,2017,24,12/06/2017,18/06/2017
KALW-201725,2017,25,19/06/2017,25/06/2017
KALW-201726,2017,26,26/06/2017,02/07/2017
KALW-201727,2017,27,03/07/2017,09/07/2017
KALW-201728,2017,28,10/07/2017,16/07/2017
KALW-201729,2017,29,17/07/2017,23/07/2017
KALW-201730,2017,30,24/07/2017,30/07/2017
KALW-201731,2017,31,31/07/2017,06/08/2017
KALW-201732,2017,32,07/08/2017,13/08/2017
KALW-201733,2017,33,14/08/2017,20/08/2017
KALW-201734,2017,34,21/08/2017,27/08/2017
KALW-201735,2017,35,28/08/2017,03/09/2017
KALW-201736,2017,36,04/09/2017,10/09/2017
KALW-201737,2017,37,11/09/2017,17/09/2017
KALW-201738,2017,38,18/09/2017,24/09/2017
KALW-201739,2017,39,25/09/2017,01/10/2017
KALW-201740,2017,40,02/10/2017,08/10/2017
KALW-201741,2017,41,09/10/2017,15/10/2017
KALW-201742,2017,42,16/10/2017,22/10/2017
KALW-201743,2017,43,23/10/2017,29/10/2017
KALW-201744,2017,44,30/10/2017,05/11/2017
KALW-201745,2017,45,06/11/2017,12/11/2017
KALW-201746,2017,46,13/11/2017,19/11/2017
KALW-201747,2017,47,20/11/2017,26/11/2017
KALW-201748,2017,48,27/11/2017,03/12/2017
KALW-201749,2017,49,04/12/2017,10/12/2017
KALW-201750,2017,50,11/12/2017,17/12/2017
KALW-201751,2017,51,18/12/2017,24/12/2017
KALW-201752,2017,52,25/12/2017,31/12/2017
KALW-201801,2018,1,01/01/2018,07/01/2018
KALW-201802,2018,2,08/01/2018,14/01/2018
KALW-201803,2018,3,15/01/2018,21/01/2018
KALW-201804,2018,4,22/01/2018,28/01/2018
KALW-201805,2018,5,29/01/2018,04/02/2018
KALW-201806,2018,6,05/02/2018,11/02/2018
KALW-201807,2018,7,12/02/2018,18/02/2018
KALW-201808,2018,8,19/02/2018,25/02/2018
KALW-201809,2018,9,26/02/2018,04/03/2018
KALW-201810,2018,10,05/03/2018,11/03/2018
KALW-201811,2018,11,12/03/2018,18/03/2018
KALW-201812,2018,12,19/03/2018,25/03/2018
KALW-201813,2018,13,26/03/2018,01/04/2018
KALW-201814,2018,14,02/04/2018,08/04/2018
KALW-201815,2018,15,09/04/2018,15/04/2018
KALW-201816,2018,16,16/04/2018,22/04/2018
KALW-201817,2018,17,23/04/2018,29/04/2018
KALW-201818,2018,18,30/04/2018,06/05/2018
KALW-201819,2018,19,07/05/2018,13/05/2018
KALW-201820,2018,20,14/05/2018,20/05/2018
KALW-201821,2018,21,21/05/2018,27/05/2018
KALW-201822,2018,22,28/05/2018,03/06/2018
KALW-201823,2018,23,04/06/2018,10/06/2018
KALW-201824,2018,24,11/06/2018,17/06/2018
KALW-201825,2018,25,18/06/2018,24/06/2018
KALW-201826,2018,26,25/06/2018,01/07/2018
KALW-201827,2018,27,02/07/2018,08/07/2018
KALW-201828,2018,28,09/07/2018,15/07/2018
KALW-201829,2018,29,16/07/2018,22/07/2018
KALW-201830,2018,30,23/07/2018,29/07/2018
KALW-201831,2018,31,30/07/2018,05/08/2018
KALW-201832,2018,32,06/08/2018,12/08/2018
KALW-201833,2018,33,13/08/2018,19/08/2018
KALW-201834,2018,34,20/08/2018,26/08/2018
KALW-201835,2018,35,27/08/2018,02/09/2018
KALW-201836,2018,36,03/09/2018,09/09/2018
KALW-201837,2018,37,10/09/2018,16/09/2018
KALW-201838,2018,38,17/09/2018,23/09/2018
KALW-201839,2018,39,24/09/2018,30/09/2018
KALW-201840,2018,40,01/10/2018,07/10/2018
KALW-201841,2018,41,08/10/2018,14/10/2018
KALW-201842,2018,42,15/10/2018,21/10/2018
KALW-201843,2018,43,22/10/2018,28/10/2018
KALW-201844,2018,44,29/10/2018,04/11/2018
KALW-201845,2018,45,05/11/2018,11/11/2018
KALW-201846,2018,46,12/11/2018,18/11/2018
KALW-201847,2018,47,19/11/2018,25/11/2018
KALW-201848,2018,48,26/11/2018,02/12/2018
KALW-201849,2018,49,03/12/2018,09/12/2018
KALW-201850,2018,50,10/12/2018,16/12/2018
KALW-201851,2018,51,17/12/2018,23/12/2018
KALW-201852,2018,52,24/12/2018,30/12/2018
KALW-201901,2019,1,31/12/2018,06/01/2019
KALW-201902,2019,2,07/01/2019,13/01/2019
KALW-201903,2019,3,14/01/2019,20/01/2019
KALW-201904,2019,4,21/01/2019,27/01/2019
KALW-201905,2019,5,28/01/2019,03/02/2019
KALW-201906,2019,6,04/02/2019,10/02/2019
KALW-201907,2019,7,11/02/2019,17/02/2019
KALW-201908,2019,8,18/02/2019,24/02/2019
KALW-201909,2019,9,25/02/2019,03/03/2019
KALW-201910,2019,10,04/03/2019,10/03/2019
KALW-201911,2019,11,11/03/2019,17/03/2019
KALW-201912,2019,12,18/03/2019,24/03/2019
KALW-201913,2019,13,25/03/2019,31/03/2019
KALW-201914,2019,14,01/04/2019,07/04/2019
KALW-201915,2019,15,08/04/2019,14/04/2019
KALW-201916,2019,16,15/04/2019,21/04/2019
KALW-201917,2019,17,22/04/2019,28/04/2019
KALW-201918,2019,18,29/04/2019,05/05/2019
KALW-201919,2019,19,06/05/2019,12/05/2019
KALW-201920,2019,20,13/05/2019,19/05/2019
KALW-201921,2019,21,20/05/2019,26/05/2019
KALW-201922,2019,22,27/05/2019,02/06/2019
KALW-201923,2019,23,03/06/2019,09/06/2019
KALW-201924,2019,24,10/06/2019,16/06/2019
KALW-201925,2019,25,17/06/2019,23/06/2019
KALW-201926,2019,26,24/06/2019,30/06/2019
KALW-201927,2019,27,01/07/2019,07/07/2019
KALW-201928,2019,28,08/07/2019,14/07/2019
KALW-201929,2019,29,15/07/2019,21/07/2019
KALW-201930,2019,30,22/07/2019,28/07/2019
KALW-201931,2019,31,29/07/2019,04/08/2019
KALW-201932,2019,32,05/08/2019,11/08/2019
KALW-201933,2019,33,12/08/2019,18/08/2019
KALW-201934,2019,34,19/08/2019,25/08/2019
KALW-201935,2019,35,26/08/2019,01/09/2019
KALW-201936,2019,36,02/09/2019,08/09/2019
KALW-201937,2019,37,09/09/2019,15/09/2019
KALW-201938,2019,38,16/09/2019,22/09/2019
KALW-201939,2019,39,23/09/2019,29/09/2019
KALW-201940,2019,40,30/09/2019,06/10/2019
KALW-201941,2019,41,07/10/2019,13/10/2019
KALW-201942,2019,42,14/10/2019,20/10/2019
KALW-201943,2019,43,21/10/2019,27/10/2019
KALW-201944,2019,44,28/10/2019,03/11/2019
KALW-201945,2019,45,04/11/2019,10/11/2019
KALW-201946,2019,46,11/11/2019,17/11/2019
KALW-201947,2019,47,18/11/2019,24/11/2019
KALW-201948,2019,48,25/11/2019,01/12/2019
KALW-201949,2019,49,02/12/2019,08/12/2019
KALW-201950,2019,50,09/12/2019,15/12/2019
KALW-201951,2019,51,16/12/2019,22/12/2019
KALW-201952,2019,52,23/12/2019,29/12/2019
KALW-202001,2020,1,30/12/2019,05/01/2020
KALW-202002,2020,2,06/01/2020,12/01/2020
KALW-202003,2020,3,13/01/2020,19/01/2020
KALW-202004,2020,4,20/01/2020,26/01/2020
KALW-202005,2020,5,27/01/2020,02/02/2020
KALW-202006,2020,6,03/02/2020,09/02/2020
KALW-202007,2020,7,10/02/2020,16/02/2020
KALW-202008,2020,8,17/02/2020,23/02/2020
KALW-202009,2020,9,24/02/2020,01/03/2020
KALW-202010,2020,10,02/03/2020,08/03/2020
KALW-202011,2020,11,09/03/2020,15/03/2020
KALW-202012,2020,12,16/03/2020,22/03/2020
KALW-202013,2020,13,23/03/2020,29/03/2020
KALW-202014,2020,14,30/03/2020,05/04/2020
KALW-202015,2020,15,06/04/2020,12/04/2020
KALW-202016,2020,16,13/04/2020,19/04/2020
KALW-202017,2020,17,20/04/2020,26/04/2020
KALW-202018,2020,18,27/04/2020,03/05/2020
KALW-202019,2020,19,04/05/2020,10/05/2020
KALW-202020,2020,20,11/05/2020,17/05/2020
KALW-202021,2020,21,18/05/2020,24/05/2020
KALW-202022,2020,22,25/05/2020,31/05/2020
KALW-202023,2020,23,01/06/2020,07/06/2020
KALW-202024,2020,24,08/06/2020,14/06/2020
KALW-202025,2020,25,15/06/2020,21/06/2020
KALW-202026,2020,26,22/06/2020,28/06/2020
KALW-202027,2020,27,29/06/2020,05/07/2020
KALW-202028,2020,28,06/07/2020,12/07/2020
KALW-202029,2020,29,13/07/2020,19/07/2020
KALW-202030,2020,30,20/07/2020,26/07/2020
KALW-202031,2020,31,27/07/2020,02/08/2020
KALW-202032,2020,32,03/08/2020,09/08/2020
KALW-202033,2020,33,10/08/2020,16/08/2020
KALW-202034,2020,34,17/08/2020,23/08/2020
KALW-202035,2020,35,24/08/2020,30/08/2020
KALW-202036,2020,36,31/08/2020,06/09/2020
KALW-202037,2020,37,07/09/2020,13/09/2020
KALW-202038,2020,38,14/09/2020,20/09/2020
KALW-202039,2020,39,21/09/2020,27/09/2020
KALW-202040,2020,40,28/09/2020,04/10/2020
KALW-202041,2020,41,05/10/2020,11/10/2020
KALW-202042,2020,42,12/10/2020,18/10/2020
KALW-202043,2020,43,19/10/2020,25/10/2020
KALW-202044,2020,44,26/10/2020,01/11/2020
KALW-202045,2020,45,02/11/2020,08/11/2020
KALW-202046,2020,46,09/11/2020,15/11/2020
KALW-202047,2020,47,16/11/2020,22/11/2020
KALW-202048,2020,48,23/11/2020,29/11/2020
KALW-202049,2020,49,30/11/2020,06/12/2020
KALW-202050,2020,50,07/12/2020,13/12/2020
KALW-202051,2020,51,14/12/2020,20/12/2020
KALW-202052,2020,52,21/12/2020,27/12/2020
KALW-202053,2020,53,28/12/2020,03/01/2021